tpep_pickup_datetime,tpep_dropoff_datetime,pickup_latitude,pickup_longitude,dropoff_latitude,dropoff_longitude,passenger_count,trip_distance,fare_amount,tip_amount,total_amount
2024-03-01 04:16:21,2024-03-01 04:17:48,40.76487443461932,-73.98830617693181,40.75061480285023,-74.0141066234195,1,4.510307052144107,14.811141973671615,3.225581836285257,18.83672380995688
2024-03-01 05:10:21,2024-03-01 05:11:21,40.6406848533856,-73.77245075546652,40.63302065215556,-73.818,2,12.006763112028702,36.1093555218519,0.0,36.9093555218519
2024-03-01 07:01:10,2024-03-01 07:02:10,40.747561785420935,-73.98588344419139,40.73091598159069,-73.97977786094566,3,4.365303304296323,13.147384234626111,3.154094184889116,17.10147841951523
2024-03-01 08:00:32,2024-03-01 08:01:32,40.71400856187834,-74.00895702470184,40.70014672410344,-73.98492022046807,1,4.241862932854411,14.106709030946837,2.939257814667032,17.845966845613866
2024-03-01 12:48:49,2024-03-01 12:49:49,40.641257782757286,-73.77717314872413,40.63014519812452,-73.818,5,17.277143825649517,51.41655438974268,0.0,69.69966243066388
2024-03-01 13:41:47,2024-03-01 13:43:06,40.7622416014316,-73.99261113179355,40.786211799543366,-73.98860632680712,2,1.8296270807545252,9.326071840985698,2.10996963711568,12.23604147810138
2024-03-01 14:05:11,2024-03-01 14:06:11,40.779701704733846,-73.86939423801488,40.82137817759976,-73.86872131668875,2,21.05692036451669,63.48643378107339,12.230616134366498,85.14625159410657
2024-03-01 14:55:40,2024-03-01 14:56:40,40.76497621366227,-73.97081967438189,40.78477157522613,-73.94797010506022,1,1.906273415567134,9.145899755613716,1.9221578807565007,12.868057636370215
2024-03-01 15:54:52,2024-03-01 15:55:52,40.70833049173085,-74.00598864555838,40.69686829180136,-74.03836942095653,1,8.18704099652141,26.19211151764581,5.880266507062769,33.87237802470858
2024-03-01 16:26:00,2024-03-01 16:27:05,40.776117709304245,-73.86075133894991,40.77556318156061,-73.83623546349703,2,17.957559380919093,50.24704936478142,0.0,70.47897522665762
2024-03-01 17:18:16,2024-03-01 17:19:16,40.755289990716285,-73.99598654869543,40.79657229583726,-74.01051733552,3,3.090907058073069,14.342976493457671,2.174424463500612,18.317400956958288
2024-03-01 17:28:10,2024-03-01 17:29:10,40.75911444547374,-73.97204316722542,40.766406913325625,-73.99235483610079,1,0.9226231812290404,7.32046244348774,0.0,9.12046244348774
2024-03-01 17:39:49,2024-03-01 17:41:47,40.75886322351085,-73.98898844069768,40.783651771180566,-74.02371559554223,2,6.358121843058661,22.580524354959497,4.652000532501021,29.03252488746052
2024-03-01 18:49:37,2024-03-01 18:51:51,40.7138028357061,-74.01508631253687,40.68907727774434,-74.00515288630059,5,14.857422868809168,44.92351349713976,9.722785223732158,56.44629872087192
2024-03-01 19:34:21,2024-03-01 19:35:40,40.78053345139816,-73.8806922356737,40.76002086720404,-73.83663969258528,5,22.41499063264678,62.49770102404857,0.0,76.56841107411506
2024-03-01 19:39:41,2024-03-01 19:40:41,40.76043970024797,-73.99444674043833,40.73346658861311,-73.99612704479084,1,9.026305931348432,27.091468219702136,6.1961415139413845,35.08760973364352
2024-03-01 20:16:26,2024-03-01 20:17:26,40.7463440503881,-73.9832491128774,40.71639894640133,-73.99098890296432,1,0.6085986330010728,5.079565926447635,1.2192419945810289,8.098807921028664
2024-03-01 20:28:35,2024-03-01 20:29:35,40.76077010830409,-73.98341911688951,40.75136577759326,-74.00051427525653,1,4.641251704050104,14.6495069823843,2.9534512908421187,19.40295827322642
2024-03-01 20:48:12,2024-03-01 20:50:41,40.649538219761126,-73.77881924832893,40.64843844711453,-73.82385676100436,4,14.634887588784864,41.79806063330369,0.0,44.09806063330369
2024-03-01 21:11:21,2024-03-01 21:14:05,40.71731187181384,-74.01233193211797,40.69948229590386,-73.99421316238795,1,5.063258541028812,16.961841210389583,3.630689941654008,22.392531152043592
2024-03-01 22:11:56,2024-03-01 22:12:56,40.74449508737443,-73.98813648513469,40.72768050077819,-73.97586020688078,2,6.934123916937581,21.84358288183529,0.0,24.14358288183529
2024-03-02 03:22:54,2024-03-02 03:23:54,40.74853673345084,-73.98436615788316,40.74049058964951,-74.001232396851,5,1.908926440998444,6.0933764656137095,1.3109195936177929,8.204296059231503
2024-03-02 04:49:49,2024-03-02 04:50:49,40.75351940567488,-73.97705049625978,40.7299029788855,-73.9920081102333,2,4.83942736293704,17.13389001348793,3.619592299994309,21.55348231348224
2024-03-02 07:38:37,2024-03-02 07:39:50,40.74945865487148,-73.97443911571494,40.7823509752412,-73.9487063127111,1,2.116276470956756,9.220191343448407,1.9731169546216687,11.993308298070076
2024-03-02 10:28:11,2024-03-02 10:29:57,40.76799271068496,-73.97339589144526,40.75742732183651,-73.96685361185187,1,5.078386253319813,18.65085690070517,4.559977249006085,24.010834149711258
2024-03-02 10:43:08,2024-03-02 10:44:49,40.75193386899301,-73.99338973032393,40.733826580347205,-73.97696727785409,1,3.241308386900138,13.290485371872284,2.6373499903218347,16.72783536219412
2024-03-02 12:31:31,2024-03-02 12:32:31,40.76873497299548,-73.96664341569051,40.77761289363444,-73.95395957248006,1,1.882908359514043,5.699952275090728,0.0,6.499952275090728
2024-03-02 14:25:05,2024-03-02 14:26:05,40.643670046166925,-73.77423855824985,40.65375645443258,-73.818,2,9.09465030634539,27.188740677601302,4.123269637141955,33.11201031474326
2024-03-02 16:31:22,2024-03-02 16:32:22,40.76149983247306,-73.98666356530948,40.78762742904937,-73.99858117107269,1,0.9644207281155972,4.407514490950817,0.7934382799584214,8.000952770909239
2024-03-02 16:43:20,2024-03-02 16:44:20,40.76923134522248,-73.97299877816847,40.74566814131679,-73.94935215945834,1,1.377651569048724,6.0061341819762815,0.0,7.806134181976281
2024-03-02 18:35:07,2024-03-02 18:36:28,40.75532509520197,-73.98826842611317,40.777532769579416,-73.9719706488949,2,4.341559667935325,16.252382289110383,3.8855722204506185,21.937954509561003
2024-03-02 18:47:12,2024-03-02 18:48:12,40.75975133222383,-73.98694536285826,40.77841808375468,-73.9885182398811,2,0.7762313067674652,4.763143046648933,0.7636794598101942,7.326822506459127
2024-03-02 18:49:57,2024-03-02 18:51:43,40.755154686210666,-73.99617669820833,40.752536607667054,-73.97685299097165,5,0.6672902714250085,3.0,0.0,4.8
2024-03-02 20:12:46,2024-03-02 20:14:07,40.71417500444162,-74.01069184801837,40.70316506050466,-73.98944590139521,1,3.5970944179667885,12.135200717156774,0.0,14.935200717156777
2024-03-02 22:37:43,2024-03-02 22:38:43,40.76436412802444,-73.97846326642666,40.769837321507445,-74.00161400063668,1,6.171100789439446,18.1834995369156,3.890947165254104,23.874446702169703
2024-03-02 23:09:31,2024-03-02 23:10:44,40.70769808775382,-74.00554141570453,40.70641839681973,-73.98781760014148,5,1.4216282588797846,8.754908337689077,1.459406759815785,12.014315097504864
2024-03-03 02:00:29,2024-03-03 02:01:47,40.77166946928826,-73.97464695903814,40.74183755618089,-73.97238710809289,1,24.76699295722774,70.78359186967604,16.059322101186886,94.73645695278168
2024-03-03 07:18:05,2024-03-03 07:19:05,40.643531141803535,-73.7858724448962,40.62643774578503,-73.818,1,8.556573277448077,26.753899757945703,4.581074039939302,32.134973797885
2024-03-03 08:17:22,2024-03-03 08:18:22,40.69204544975481,-74.17810934200418,40.710368499723685,-74.156,2,21.16275343093413,60.33827049407528,12.383639763466034,81.1181624097168
2024-03-03 08:22:56,2024-03-03 08:23:56,40.70853922195159,-74.00573444763984,40.67821319740984,-74.00204537901384,3,1.9076950901799683,11.166655637388764,2.5045882602325804,14.471243897621344
2024-03-03 08:26:58,2024-03-03 08:27:58,40.69302830561684,-74.1749116245198,40.73186585175403,-74.156,1,21.35850059753265,62.64189434391229,14.420197034512064,95.981831373511
2024-03-03 09:19:23,2024-03-03 09:20:23,40.76483240652417,-73.96238043596989,40.81189104776363,-73.93269002183742,1,1.830455854380305,4.981355861667861,0.0,5.781355861667861
2024-03-03 11:20:04,2024-03-03 11:21:04,40.764741121534605,-74.00295383665323,40.75592056781562,-73.96833570297352,1,1.6618600913211357,10.01404295985356,1.8708369246867216,12.684879884540283
2024-03-03 13:49:02,2024-03-03 13:51:56,40.77980104538758,-73.88141615794338,40.78197873664988,-73.92086614994739,1,20.932104845857346,62.36254259265927,0.0,68.30709410936223
2024-03-03 14:42:12,2024-03-03 14:43:12,40.780045299642886,-73.87546864872343,40.78603021948204,-73.90196391950222,1,19.43948558241815,52.50208265934301,8.038197318036895,79.95516337065328
2024-03-03 17:05:31,2024-03-03 17:06:31,40.71226523774796,-74.00241858686213,40.714840191453696,-74.05055400190908,1,5.925479557091118,21.637336432122677,4.443110844413753,27.880447276536422
2024-03-03 19:18:46,2024-03-03 19:19:46,40.75817287002378,-73.98083466544466,40.743275365222985,-73.9606266348383,2,3.3535077893781,12.27514778166948,1.8781609782524096,15.95330875992189
2024-03-03 20:13:55,2024-03-03 20:14:55,40.7197584131258,-73.99593857333839,40.734019776247095,-73.9766913519362,1,0.5879435059308836,5.486393244474589,0.9100987703997728,8.19649201487436
2024-03-04 06:44:22,2024-03-04 06:46:54,40.76347633813737,-73.97899312111593,40.77332562081686,-73.99828876982849,1,3.430933853414756,10.600336184356612,0.0,11.900336184356611
2024-03-04 07:15:34,2024-03-04 07:17:50,40.76189832515175,-73.98457275987167,40.7323717667692,-74.01553758856795,3,3.135773810042405,13.930056692529734,3.445971336488082,18.17602802901781
2024-03-04 07:29:44,2024-03-04 07:30:44,40.64616191228821,-73.79202704937383,40.65187795001399,-73.818,1,13.3082897925352,41.15636551557572,0.0,41.95636551557571
2024-03-04 07:34:11,2024-03-04 07:35:11,40.76503354553557,-73.97349859647373,40.758733350505,-74.00527291194089,4,1.149333670323088,7.056931479472984,1.582218915183779,9.439150394656762
2024-03-04 07:41:29,2024-03-04 07:42:29,40.765791075474645,-73.9808776082503,40.74924742350647,-73.97914692172961,2,10.455058385788554,29.019772396842495,6.663133816799056,36.48290621364156
2024-03-04 09:37:05,2024-03-04 09:38:05,40.76259779964349,-73.99024873810076,40.77051935024236,-73.97707767233567,1,2.076658334171378,7.03995714073699,1.5701248461815474,9.91008198691854
2024-03-04 09:43:20,2024-03-04 09:44:59,40.75978154108014,-73.98623625092354,40.77824100308553,-73.972221871916,1,3.210311440426801,11.273566796681845,0.0,12.073566796681844
2024-03-04 09:56:27,2024-03-04 09:57:27,40.767754424669256,-73.9749590126164,40.79697792333823,-73.9594506631574,2,0.7235679696949406,5.668011545985335,0.9483039654772252,7.41631551146256
2024-03-04 10:54:43,2024-03-04 10:56:19,40.74808832181609,-73.97726080619212,40.7177540247673,-73.95328007692171,1,5.679617887842559,20.78034263910751,0.0,22.08034263910751
2024-03-04 11:25:28,2024-03-04 11:27:15,40.64030083101099,-73.76792606411614,40.61622091390676,-73.818,2,16.359068775046968,48.05156479264278,9.90078564493176,67.32940349947604
2024-03-04 11:46:07,2024-03-04 11:47:10,40.747189872218335,-74.0008178584707,40.74401756440934,-74.00177092903589,3,2.4088346608380444,9.532903613228598,1.9822829738960317,12.31518658712463
2024-03-04 15:57:40,2024-03-04 15:58:40,40.77435702815366,-73.86023893371843,40.77362766082128,-73.85038325645087,2,10.250433909454554,30.49792361884096,0.0,31.29792361884096
2024-03-04 20:23:31,2024-03-04 20:24:38,40.707053133402304,-74.00551797099438,40.7224268047457,-73.99777837331519,1,1.782444346952132,9.874446351538486,0.0,11.674446351538489
2024-03-04 20:37:34,2024-03-04 20:38:34,40.76399713141788,-73.97268802212616,40.7743785419036,-73.96662142051947,1,1.6753849612944252,9.017299079641056,1.7552753514534971,12.572574431094552
2024-03-04 21:33:10,2024-03-04 21:34:10,40.76666911993589,-73.97948431584668,40.76099108405749,-73.94423811842215,4,0.6377311702983929,4.260454652798537,0.0,6.060454652798537
2024-03-04 23:31:48,2024-03-04 23:32:48,40.74410959379664,-73.9948257139685,40.747777716955575,-74.00199880140362,1,3.727551840267525,12.430607122508286,0.0,14.230607122508289
2024-03-05 00:33:03,2024-03-05 00:34:03,40.7521991693847,-73.9936799325741,40.7723381864727,-73.99366349689551,3,2.135985841403728,6.420946470062008,1.405281376286923,8.62622784634893
2024-03-05 05:15:31,2024-03-05 05:16:31,40.74488799017784,-73.97804684512936,40.76003550101047,-73.97523070183676,1,6.349228691758188,20.130756073583036,4.684788192930469,25.615544266513503
2024-03-05 07:31:48,2024-03-05 07:33:12,40.70418333635773,-74.0138508931117,40.69831280806205,-74.00918399765803,4,3.619762858356928,11.988453522335512,2.751950497504068,15.54040401983958
2024-03-05 07:33:38,2024-03-05 07:34:38,40.78551808504009,-73.87525547159927,40.761672302712576,-73.86599445441966,2,21.145101309006957,61.8044311689606,10.677269750759184,83.71699060896236
2024-03-05 08:03:10,2024-03-05 08:04:10,40.77989981736518,-73.87389227807562,40.82140624437277,-73.87321868433808,1,14.46201922469712,41.95971279319276,7.479991698876496,50.23970449206925
2024-03-05 08:15:23,2024-03-05 08:19:08,40.76303609024774,-73.98771180475752,40.78035447425562,-73.98124569904722,3,0.7763225574759859,6.574175154129819,1.2708216163155728,8.644996770445392
2024-03-05 09:09:29,2024-03-05 09:10:30,40.64589499838227,-73.77761924953538,40.6698941736912,-73.818,2,16.480707907818378,44.83344927021285,0.0,58.98877927630613
2024-03-05 09:36:28,2024-03-05 09:37:28,40.76814801423336,-73.87359807421672,40.7527449462577,-73.85859432795331,3,19.9458563689458,54.95795575336285,11.691403759331148,76.58401654820466
2024-03-05 09:52:40,2024-03-05 09:55:17,40.7569661737371,-73.97442683551229,40.7966262941264,-74.024246874145,1,2.541809930245674,14.03648021140902,2.8302310499882672,18.16671126139729
2024-03-05 10:12:29,2024-03-05 10:14:44,40.76265451944321,-73.98243378354977,40.75354371129471,-73.92481369140546,1,3.605994014928915,13.61096992723058,3.2470682879724357,18.65803821520301
2024-03-05 10:55:34,2024-03-05 10:56:52,40.68474108893693,-74.16774241358475,40.6936053694635,-74.156,1,7.010291148475771,20.44317776998196,0.0,21.24317776998196
2024-03-05 11:48:37,2024-03-05 11:50:43,40.71615831995232,-74.01449631848507,40.70749803574878,-74.03583203516773,1,1.051980876280478,7.441972501046998,0.0,9.241972501046998
2024-03-05 11:57:59,2024-03-05 12:03:43,40.71349015606486,-74.00420768277506,40.7290399588394,-74.04999420390821,2,14.940118425556651,46.237134514075066,9.668317755277863,56.705452269352925
2024-03-05 13:38:18,2024-03-05 13:39:18,40.76267804683057,-73.98515725067557,40.77552829180443,-73.95511449442803,2,4.436899424279762,18.659225496395745,3.6923175919588176,23.651543088354565
2024-03-05 14:11:22,2024-03-05 14:12:22,40.64156092075678,-73.7960265378459,40.60687589828065,-73.818,3,15.086092562080442,44.209072272075936,0.0,61.93668295971284
2024-03-05 15:29:49,2024-03-05 15:30:49,40.76273353279763,-73.98493733706995,40.763118406282125,-73.97569444526526,5,3.47911339528754,14.427400205081767,3.3641105684569013,19.59151077353867
2024-03-05 16:42:02,2024-03-05 16:43:02,40.78398384011661,-73.87377564285312,40.75570759706834,-73.9303475582845,2,16.27969638371528,44.15811230214796,9.611528925358092,71.91269180324248
2024-03-05 16:46:44,2024-03-05 16:47:44,40.759508062377016,-73.97710831441734,40.73606771188389,-73.99562295906482,2,1.1881201197569906,6.425303197325727,1.3414755526513735,9.566778749977102
2024-03-05 17:12:31,2024-03-05 17:15:26,40.644054974439264,-73.76964811112984,40.60939943445319,-73.818,3,12.33265629965404,38.035190566237375,5.897152111404865,45.73234267764224
2024-03-05 17:33:34,2024-03-05 17:34:34,40.76054187558376,-73.98725665536081,40.7707140430614,-74.03550304732532,1,1.4756077527436993,4.789749453988786,1.1852825470172548,8.775032001006041
2024-03-05 19:10:00,2024-03-05 19:11:00,40.70151365000588,-74.0088324624339,40.68634463539095,-74.04275707576649,4,3.671592057401436,12.22632013485337,0.0,14.026320134853371
2024-03-05 20:59:26,2024-03-05 21:01:35,40.63865982875024,-73.77997016314877,40.61587299869427,-73.82000088593469,1,12.68252323419314,37.22315909488665,6.744778994926732,45.76793808981338
2024-03-05 21:07:58,2024-03-05 21:08:58,40.68542796731632,-74.17830886001,40.66491190519779,-74.12651066075982,1,18.382134008251413,56.45429448457632,0.0,72.79554913810077
2024-03-06 04:41:31,2024-03-06 04:42:31,40.71177719170506,-74.01411918592164,40.73557647558143,-73.97625073531566,1,2.1868548754060555,8.723374848930275,1.3089569857638998,10.832331834694177
2024-03-06 06:57:38,2024-03-06 07:00:07,40.7606314051735,-73.98096953448494,40.772344120017706,-74.01548208889956,3,5.939091506722144,18.078446743957624,3.87473433675609,23.75318108071372
2024-03-06 08:34:21,2024-03-06 08:36:32,40.75883640447056,-73.98665322110104,40.77570012676185,-73.9782510952241,1,0.8359272199820109,8.735237999983934,2.175047167185556,11.71028516716949
2024-03-06 09:10:46,2024-03-06 09:13:21,40.68694069971583,-74.17352386467155,40.695031162067984,-74.156,1,15.505480559320333,43.452659102556645,0.0,55.06594365294849
2024-03-06 09:36:33,2024-03-06 09:37:33,40.681523247972336,-74.17067705193156,40.65496057969078,-74.156,2,10.601747158016744,29.06806029922705,0.0,29.86806029922705
2024-03-06 10:15:17,2024-03-06 10:16:17,40.64661442978567,-73.7931269447112,40.67335237804652,-73.818,2,14.933182089266037,44.12570849000501,0.0,44.92570849000501
2024-03-06 10:45:07,2024-03-06 10:46:07,40.75450739234967,-74.00474012187605,40.73160209994159,-73.98817631179396,1,4.9903786438755615,15.460985286199042,3.0739364505602755,19.33492173675932
2024-03-06 12:26:47,2024-03-06 12:28:06,40.710803962704745,-73.99063022027451,40.73951560463125,-74.01345041666555,2,9.670910880605234,29.90860433770442,0.0,30.708604337704426
2024-03-06 12:54:58,2024-03-06 12:56:44,40.7619363955646,-73.97487404044148,40.72723740611114,-73.94082038796003,1,7.777292525290079,23.449027755220825,0.0,24.249027755220823
2024-03-06 14:40:21,2024-03-06 14:41:21,40.7612396034387,-73.97592888693573,40.7703052157342,-73.93516072454139,1,2.4304559861599704,12.290751054168318,2.580480089155192,15.67123114332351
2024-03-06 14:53:59,2024-03-06 14:54:59,40.77768645998801,-73.86717812358687,40.781690959652416,-73.86854534816388,1,11.478024860126313,33.06214830710157,6.531492619651322,40.393640926752894
2024-03-06 15:32:21,2024-03-06 15:33:21,40.71234262499453,-74.00790941921913,40.742123523293536,-74.03151142630387,1,3.7864741393381816,13.056392814609874,0.0,13.856392814609874
2024-03-06 16:38:06,2024-03-06 16:39:06,40.76327847854713,-73.97376885793122,40.76156077728401,-73.92931254297376,1,1.7190581634538766,8.024364543179928,1.6842207408556495,11.50858528403558
2024-03-06 16:50:08,2024-03-06 16:52:13,40.74540289340163,-73.98522921083266,40.73543923342749,-73.96742755404219,2,11.829843398477813,31.76919598480613,0.0,33.56919598480613
2024-03-06 18:22:40,2024-03-06 18:24:15,40.70753721765056,-73.99654043616384,40.710043940204265,-74.0046412641483,2,2.2105829276634146,7.671251418750057,1.8529562778444413,12.3242076965945
2024-03-06 18:25:24,2024-03-06 18:26:40,40.7563911432248,-73.98341286786751,40.76122140572655,-73.97629333731999,1,1.1089164659097257,3.5582166949176437,0.0,5.858216694917643
2024-03-06 19:18:14,2024-03-06 19:19:14,40.75185042196031,-73.99118872583061,40.72597388850857,-73.95499748276197,1,2.836484726522947,10.395314038266754,0.0,12.195314038266757
2024-03-06 20:32:56,2024-03-06 20:33:56,40.767415337062,-73.97866362479822,40.77552886698362,-73.94092340430024,1,4.626634652669572,18.86029231914242,4.105297386757257,25.26558970589968
2024-03-06 20:55:23,2024-03-06 20:56:48,40.720740547461006,-74.00730339687011,40.71227292150834,-74.02774559429757,1,1.546875229570548,10.280782056498165,2.124302520956497,14.20508457745466
2024-03-06 21:56:13,2024-03-06 21:57:13,40.64061304693573,-73.7793703468821,40.63236933043628,-73.818,2,16.080437424628208,47.4911288565119,11.238714513285217,69.68861222142733
2024-03-07 02:16:39,2024-03-07 02:17:39,40.70646251517455,-74.01114074071297,40.7360839919348,-74.0660970207922,1,3.309531644978452,12.79644222451251,2.71848290170049,16.814925126213
2024-03-07 04:22:23,2024-03-07 04:23:24,40.76170636518341,-73.98200001919365,40.75437836707248,-73.96622880869926,1,6.800150671044671,23.31166079195011,0.0,24.61166079195011
2024-03-07 05:36:10,2024-03-07 05:37:40,40.63508407003447,-73.7746038969622,40.61628745558363,-73.818,1,12.225426436166307,33.529345811483154,5.25174430649586,39.58109011797901
2024-03-07 06:25:09,2024-03-07 06:26:10,40.75717587186819,-74.00035254475627,40.777775764506366,-74.01187225795323,1,0.8109526946719069,7.025442726077231,0.0,7.825442726077231
2024-03-07 06:49:35,2024-03-07 06:50:35,40.74846580752848,-73.96927673661821,40.72701060365623,-73.96887715371308,4,17.520399885654776,52.227590355794135,12.603761195814942,78.97515309369295
2024-03-07 07:14:03,2024-03-07 07:15:03,40.76274436867961,-73.96182534008535,40.76059370938399,-73.9749609446726,1,2.936953905387853,13.106289264078043,0.0,13.906289264078046
2024-03-07 09:27:43,2024-03-07 09:29:04,40.6841883128989,-74.17718227785593,40.72683178346461,-74.156,2,11.728666664853744,35.849242454713924,0.0,36.64924245471392
2024-03-07 10:41:09,2024-03-07 10:42:17,40.647690715577234,-73.78425603439983,40.6342372981308,-73.818,1,14.728015460467793,41.94593224813018,8.524235675129683,51.27016792325986
2024-03-07 14:07:19,2024-03-07 14:08:19,40.64731530254723,-73.77554497838312,40.66148601924775,-73.818,1,43.63074684825342,123.23864307146044,18.54931954439594,162.15035734515334
2024-03-07 15:13:23,2024-03-07 15:14:23,40.76087880413283,-73.97511344126093,40.766598284798704,-73.90941097282949,1,6.687903010687338,24.80436609807761,0.0,26.60436609807761
2024-03-07 18:26:33,2024-03-07 18:27:33,40.63954270817515,-73.76954064963435,40.61578450750435,-73.818,1,25.64676739712415,74.78049841342133,16.77093528028907,101.64889857261848
2024-03-07 20:06:13,2024-03-07 20:07:13,40.756280527021694,-73.97486013142618,40.761887763724864,-73.9310707096997,1,2.0834435438048864,8.475282113801352,1.282041430994391,12.557323544795745
2024-03-07 20:37:44,2024-03-07 20:38:44,40.74684188936619,-73.98185941556079,40.72081475994765,-73.98396386301062,1,7.288248995553955,21.31042788527745,0.0,23.110427885277453
2024-03-08 00:40:43,2024-03-08 00:42:31,40.77150642870719,-73.88110960244865,40.77945157177764,-73.85788067328099,1,6.241259569520493,19.93747385378326,4.492722595876893,25.23019644966016
2024-03-08 03:10:22,2024-03-08 03:11:22,40.71881684006374,-74.01930733915124,40.71642491809393,-74.03340214804969,1,1.4188474896347485,3.816517216677718,0.0,4.616517216677718
2024-03-08 08:47:35,2024-03-08 08:49:23,40.709928599565984,-74.01130171742645,40.70015711548889,-73.9902544487597,1,6.167777872621131,20.96592094993049,4.780131212704978,27.04605216263547
2024-03-08 09:20:19,2024-03-08 09:21:21,40.643374490167936,-73.7802522246626,40.63361493005107,-73.818,1,20.055450612653814,58.34102787757773,10.11978754290882,77.29633034152593
2024-03-08 09:23:15,2024-03-08 09:24:15,40.74773140538239,-73.98353617522581,40.72076795205642,-73.98400291550362,1,2.9879643865529744,11.09779984563122,2.272330300703768,14.170130146334987
2024-03-08 09:33:43,2024-03-08 09:34:43,40.75060523253789,-73.99026834075606,40.78369916882329,-74.00072447203861,2,3.413523278888488,8.62721959721942,0.0,9.42721959721942
2024-03-08 10:13:10,2024-03-08 10:14:57,40.76185749330048,-73.98140613742136,40.79010753631324,-74.01175748215898,1,3.391904075604763,12.25384343847617,2.393855020206478,15.44769845868265
2024-03-08 16:33:56,2024-03-08 16:34:56,40.7527661564676,-73.97756945182614,40.77037571601332,-73.92521010435807,1,6.6083293851816,19.66498822986942,3.272924314259652,24.73791254412907
2024-03-08 16:37:02,2024-03-08 16:38:02,40.71516759982722,-74.0146242697798,40.71355142367712,-74.00501238071072,1,0.3557477886660958,3.0,0.0,4.8
2024-03-08 16:42:35,2024-03-08 16:43:35,40.77892445779675,-73.86561267697796,40.75443176299512,-73.87498370078247,1,13.401021705495488,35.55007404345305,0.0,37.35007404345305
2024-03-08 18:56:20,2024-03-08 18:57:20,40.71592545416817,-73.9903620553109,40.73472302992586,-73.9827382361726,1,3.888116009007677,12.003551338115,2.70881671682827,16.512368054943273
2024-03-08 20:36:55,2024-03-08 20:38:19,40.74740472892912,-73.97906772712372,40.76224505094906,-73.99454498202061,1,28.042229141745096,82.41477280506939,17.751682074039373,117.39359877370174
2024-03-08 20:45:39,2024-03-08 20:46:39,40.75839591649279,-73.98783291970351,40.79162259469194,-74.03273105327352,1,1.0070820373706122,5.543381296436194,1.0952415878486592,9.438622884284854
2024-03-08 20:48:59,2024-03-08 20:52:14,40.68277760697221,-74.18112536590252,40.6869029171015,-74.156,1,35.88914341424151,104.56930687643565,24.4957091985234,150.62788896761683
2024-03-08 20:49:27,2024-03-08 20:50:27,40.77356544839541,-73.87749235449246,40.79580407572526,-73.82933954195913,2,22.498000892190067,65.59645449014478,10.873541546593623,86.55551572161016
2024-03-08 20:52:12,2024-03-08 20:54:27,40.76509373110689,-73.97057882085126,40.75137110906365,-73.95379079564098,2,2.0946851374151887,8.636941751274199,1.4207017481824966,11.857643499456696
2024-03-08 21:10:32,2024-03-08 21:11:52,40.75364599874592,-73.9855315447363,40.7480543016154,-74.01661560457353,1,3.0013509874543227,10.933823062812396,0.0,12.733823062812396
2024-03-08 23:19:39,2024-03-08 23:20:39,40.70856419954664,-74.00739373454563,40.6642421130471,-73.96374822500383,2,3.15818810665194,12.7444271690217,0.0,14.544427169021702
2024-03-09 03:15:00,2024-03-09 03:16:00,40.74997957737586,-73.99461292626339,40.73390999301654,-74.00017739211245,1,1.904127066633533,7.592536926339218,0.0,8.392536926339218
2024-03-09 04:00:57,2024-03-09 04:01:57,40.75556001122108,-73.99056343837489,40.74111604969665,-73.985328864577,2,2.97492838907136,11.35174677999627,0.0,12.651746779996271
2024-03-09 07:17:25,2024-03-09 07:18:25,40.75606195719096,-73.99019331254667,40.75814124149901,-73.96686393097195,1,1.1070972173412852,5.621091513584538,1.181111597192653,7.602203110777191
2024-03-09 07:40:59,2024-03-09 07:43:42,40.71364647526256,-74.01084416657667,40.71462733201646,-73.97287385055606,5,3.60615732438502,14.285319140618055,3.478173800826176,19.06349294144423
2024-03-09 07:41:14,2024-03-09 07:42:14,40.75374161084882,-73.98339462978358,40.76374242918414,-73.9472133926828,1,6.649370500217678,22.101987455144396,0.0,23.901987455144397
2024-03-09 07:53:32,2024-03-09 07:55:05,40.76270414921821,-73.97306762895552,40.756856938567694,-73.98399412389034,2,19.905839510781476,59.34666791250414,11.212692544398196,81.39702529888125
2024-03-09 08:34:01,2024-03-09 08:35:01,40.769224269084425,-73.98434470551238,40.77535431777731,-73.9469267565641,4,1.0163432496671492,3.0,0.7490026798137732,5.049002679813773
2024-03-09 09:41:48,2024-03-09 09:44:15,40.7411477544115,-73.97913324371603,40.75590089431075,-73.96719873642023,1,5.949338436261733,17.105860208021657,0.0,18.905860208021657
2024-03-09 10:01:25,2024-03-09 10:05:54,40.70521847491222,-74.01101726471975,40.68769983069841,-74.01012315381045,2,4.819612947681198,22.272880318709937,0.0,23.072880318709934
2024-03-09 10:11:27,2024-03-09 10:12:34,40.76682925242085,-73.98362316575019,40.82405247380867,-74.00302649133114,2,2.2766243505860664,6.906230126889092,1.3281573232558377,9.53438745014493
2024-03-09 10:59:14,2024-03-09 11:03:59,40.69109174787598,-74.16838620389986,40.67368498763263,-74.156,1,18.80331373242529,60.836536840662085,9.362730451884149,89.91891811775785
2024-03-09 11:54:56,2024-03-09 11:55:56,40.713606984567896,-73.99978621827326,40.71946056885172,-74.01922541947806,6,2.409356644001715,12.22776878140975,2.563805079440464,15.591573860850216
2024-03-09 12:42:46,2024-03-09 12:43:46,40.76193095019233,-73.98693891066212,40.75860795875354,-73.9673334992718,1,1.4249944731979638,6.366194299189154,0.0,7.166194299189153
2024-03-09 13:23:04,2024-03-09 13:24:04,40.76280863372131,-73.98618888972261,40.78478038604224,-74.01129374626755,1,2.768401392813193,13.28671121199682,0.0,14.08671121199682
2024-03-09 15:43:10,2024-03-09 15:45:36,40.76112177560525,-73.97036336232006,40.76201901562309,-74.00411176312323,2,0.7079759668926773,6.109693527838724,1.3194987175677362,8.229192245406459
2024-03-09 18:22:50,2024-03-09 18:24:02,40.74874040257922,-73.99786803129447,40.755123571558535,-74.00391269962486,2,18.116812274868025,50.24196677823244,11.566012216422711,71.96870064211895
2024-03-10 07:07:39,2024-03-10 07:08:39,40.73506432052504,-73.99356454409265,40.74183166845192,-74.01245548194471,1,15.117541776989146,40.82936403971648,0.0,55.41135735231263
2024-03-10 07:59:22,2024-03-10 08:00:56,40.74863889513065,-73.97826380111232,40.75829609562382,-73.94677373551339,2,4.721041625940439,16.97318236774981,0.0,18.27318236774981
2024-03-10 08:11:52,2024-03-10 08:12:55,40.64632196780468,-73.78196448139276,40.65957630823073,-73.818,1,15.056915108525043,44.08901211546143,9.700652521636645,65.92976016714347
2024-03-10 08:43:24,2024-03-10 08:45:30,40.756183671516375,-73.979877112284,40.7467739977912,-73.98154989274475,1,0.8644291026463453,8.502088355465819,0.0,9.30208835546582
2024-03-10 09:11:26,2024-03-10 09:14:10,40.74478792852201,-73.98167993743513,40.74442678888169,-73.91356106745751,1,8.923307008197535,28.274981649461708,0.0,29.07498164946171
2024-03-10 10:53:23,2024-03-10 10:54:23,40.75941287033243,-73.97441042858904,40.75394167033535,-73.95966375072429,2,5.828367400111924,20.133548069475648,0.0,21.43354806947565
2024-03-10 12:22:18,2024-03-10 12:23:18,40.76625583761413,-73.99381695061844,40.7689975485188,-74.00173976627153,3,1.6362407993358512,9.441079414636118,2.274635617796801,12.51571503243292
2024-03-10 12:31:58,2024-03-10 12:32:58,40.64123022000952,-73.77132554124218,40.65247388843855,-73.818,2,12.038491474410222,34.28752287699689,0.0,35.087522876996886
2024-03-10 13:48:30,2024-03-10 13:49:30,40.75114744994578,-73.98583107287915,40.75322271430878,-73.9574228554335,1,20.55786865742331,58.42802306943639,11.477235300454296,87.11081918210218
2024-03-10 14:27:06,2024-03-10 14:28:06,40.77351442667334,-73.8802769297833,40.78854317392157,-73.88780123937185,3,11.906036718892071,36.86611081553416,0.0,37.66611081553416
2024-03-10 17:49:36,2024-03-10 17:50:36,40.75645014862347,-73.98154061810351,40.77713502802105,-73.99452251756442,1,4.6548800283406,15.666862587970948,3.5921017385812206,21.058964326552168
2024-03-10 20:26:34,2024-03-10 20:27:34,40.703485588475935,-74.00923151192553,40.693138354826175,-73.99280487531111,1,6.570399214490188,20.485240327859827,5.115102273467643,27.40034260132747
2024-03-11 07:34:11,2024-03-11 07:35:11,40.74158205916835,-73.98907992540863,40.72282376166775,-73.97034581738612,2,3.724231891192676,13.148210748625498,2.8798069384269662,16.828017687052466
2024-03-11 08:02:01,2024-03-11 08:03:01,40.63878071030876,-73.77927569357736,40.6,-73.818,4,9.346353580761264,26.93025444650104,4.807643873750554,32.53789832025159
2024-03-11 13:02:42,2024-03-11 13:03:42,40.78113486403858,-73.8768178466429,40.781436365455264,-73.87967703867461,2,11.861443989172182,36.188581118261766,8.687978302524847,45.67655942078661
2024-03-11 15:43:05,2024-03-11 15:44:05,40.77429579456866,-73.88040008984105,40.74459942705326,-73.88766607297661,1,27.634290040849297,79.84776721567316,12.805985563268216,111.37322661544933
2024-03-11 18:39:37,2024-03-11 18:40:49,40.75538881995365,-73.9858854320888,40.73369125436155,-73.97286282819417,1,2.818146523892007,10.663975575061524,2.6120889930525206,15.076064568114043
2024-03-11 18:59:16,2024-03-11 19:00:22,40.7449523597916,-73.97816941778588,40.72552748281913,-74.0009954612049,1,7.630105223166856,24.942162440238903,0.0,26.742162440238907
2024-03-11 19:39:24,2024-03-11 19:40:24,40.63880238015948,-73.7853297883598,40.64034888841338,-73.818,1,10.74580411509516,32.35821427738672,5.39320572839872,39.55142000578544
2024-03-11 20:10:56,2024-03-11 20:11:56,40.75701391059248,-73.98762391942768,40.72711968045587,-73.97023522754985,1,4.236896673930953,16.392779777121923,3.356404763072109,21.549184540194037
2024-03-11 22:13:39,2024-03-11 22:14:54,40.637697015716135,-73.77459628301267,40.61706381915552,-73.818,1,8.081300966747364,27.503860680498647,4.765564300439285,34.06942498093793
2024-03-12 03:24:37,2024-03-12 03:25:37,40.7518920279451,-73.9785595611107,40.72303576964639,-73.9905102909183,4,3.8241968840385927,17.147843625366317,3.9784132157184695,21.926256841084783
2024-03-12 04:49:43,2024-03-12 04:52:33,40.7121384555982,-74.00372823758752,40.70927429951341,-73.97516185759818,1,2.753039770467086,9.48102344016212,0.0,10.28102344016212
2024-03-12 06:18:42,2024-03-12 06:19:42,40.75654900962804,-73.9681484848311,40.7525781333968,-73.95241170195602,4,0.7888125054662437,6.694703287400801,1.2536722926323614,9.248375580033162
2024-03-12 08:28:18,2024-03-12 08:29:18,40.70487411929925,-73.99609258469607,40.66867404157682,-73.99409471344802,2,3.406215494087585,11.87887010460241,2.614338339189336,15.793208443791745
2024-03-12 08:30:20,2024-03-12 08:32:39,40.75652338858664,-73.98999458810366,40.74257531718151,-74.00124346774943,1,17.278798420417182,52.31154370540914,0.0,62.647273616034994
2024-03-12 10:22:21,2024-03-12 10:23:21,40.76377000537105,-73.97984287086169,40.75301053482215,-73.99164020538728,1,3.7031218394315273,11.010875079234497,0.0,11.810875079234496
2024-03-12 11:07:52,2024-03-12 11:08:52,40.75032454713462,-73.9707743244584,40.750209631947385,-74.00379728995654,5,21.422041730341576,60.197766359049794,12.683736238172193,82.92511485520018
2024-03-12 18:05:28,2024-03-12 18:07:08,40.75085496781183,-73.98291357060768,40.75177431027866,-74.01674111323531,1,12.351591309415872,39.25112526995191,9.11677537423808,50.16790064418999
2024-03-12 21:57:38,2024-03-12 21:58:38,40.65025508793501,-73.76425965701452,40.61390122654179,-73.818,1,14.440065699164888,41.59307738573534,7.374999563143354,51.26807694887869
2024-03-12 22:09:47,2024-03-12 22:10:47,40.75741996460908,-73.98189203435383,40.7435401417164,-73.97572013393147,4,1.5103924940342484,7.327335962049814,0.0,9.127335962049814
2024-03-12 22:48:00,2024-03-12 22:49:00,40.71171557332077,-74.0029070135903,40.68078289705895,-74.01739629080606,1,0.7926487673295335,3.58044356794317,0.6696998275747742,6.050143395517945
2024-03-13 03:32:59,2024-03-13 03:34:09,40.76394242876516,-73.96680361690609,40.72599148461162,-73.95421075043888,2,6.337283615059175,17.06478923661993,4.156036667673607,22.020825904293535
2024-03-13 03:56:55,2024-03-13 03:57:55,40.75101922903274,-73.9956621446608,40.75150177773149,-73.93823398050179,2,2.6911609750881893,10.619344560202975,1.8803074860213187,13.299652046224296
2024-03-13 06:01:01,2024-03-13 06:03:12,40.68573515633784,-74.17509746237398,40.68142911487991,-74.156,1,12.901702401152908,38.81209763353662,7.788724825927951,47.90082245946456
2024-03-13 06:27:45,2024-03-13 06:28:45,40.78053984415697,-73.85721529305374,40.79127777814848,-73.83655515773017,1,9.210487058870171,25.07604341716977,0.0,26.37604341716977
2024-03-13 07:44:09,2024-03-13 07:45:09,40.78196466397069,-73.8744541996568,40.78397548937172,-73.87118793853203,1,39.37970204292164,109.63475787956104,26.780724537446208,154.66909102853936
2024-03-13 08:20:36,2024-03-13 08:21:36,40.719095915363766,-73.997111462163,40.72758860203545,-74.03170424431035,1,5.093477279731019,16.443005902347803,3.692102675283156,20.93510857763096
2024-03-13 08:37:39,2024-03-13 08:38:39,40.749709406318566,-73.99254482302852,40.73907032427285,-73.96338317669452,2,11.241491322545636,30.767456903611624,4.729465122660515,36.29692202627214
2024-03-13 08:41:09,2024-03-13 08:43:48,40.76443567852466,-73.99205414243072,40.76781680707124,-73.99705525539756,1,4.604297787594695,18.79609999562881,3.959458855332116,23.55555885096093
2024-03-13 08:49:05,2024-03-13 08:52:01,40.75726150261352,-73.95964911714553,40.7441398640642,-73.95220420538357,2,1.869873493903351,8.393576504867085,0.0,10.193576504867083
2024-03-13 09:35:53,2024-03-13 09:43:20,40.74853057282935,-73.99402255678571,40.75499949438528,-73.97356552437198,1,8.166263065117834,29.920022835526236,0.0,30.720022835526237
2024-03-13 12:14:56,2024-03-13 12:17:33,40.76127944721478,-73.99024592657133,40.76360383162369,-73.99376627110964,1,1.763111316929262,11.0262147058243,2.037306889360495,13.863521595184796
2024-03-13 12:56:17,2024-03-13 12:57:17,40.77672838071827,-73.8815940976104,40.79039587100287,-73.91544766382768,2,16.553322449047887,46.86815753499351,7.40189460557846,62.5310083216604
2024-03-13 13:16:49,2024-03-13 13:20:13,40.765028927646576,-73.9790537744639,40.76451869108686,-74.01369886334933,1,3.206620028513345,13.974379114525595,2.830192492720858,17.604571607246456
2024-03-13 17:12:21,2024-03-13 17:13:36,40.686301280364205,-74.17368865979385,40.71172385307155,-74.156,1,16.86824973151237,52.91982043376652,10.78532009757286,75.38970720203424
2024-03-13 18:13:39,2024-03-13 18:14:44,40.75379060618173,-73.9928293743348,40.73876567706535,-73.96941936500326,1,7.113463420077805,19.910208952107336,4.613557238933504,26.82376619104084
2024-03-13 18:15:50,2024-03-13 18:16:50,40.719969007524455,-73.99413076573975,40.67770979318733,-73.97449829230467,3,4.839349335388358,14.06386929417194,0.0,15.86386929417194
2024-03-13 19:32:03,2024-03-13 19:37:10,40.712446892326334,-74.0074538673797,40.70835286288566,-74.02439403691164,1,15.276712345297868,51.37258282983913,10.920926759295556,72.17416659389161
2024-03-13 19:56:54,2024-03-13 19:57:54,40.75697744339503,-73.98510020583156,40.746423481211714,-74.00184660030182,1,4.279954632068382,9.704420515018604,0.0,11.504420515018603
2024-03-13 20:46:35,2024-03-13 20:47:54,40.753012036941016,-73.99174641099395,40.74341187950877,-73.99554695023109,5,2.579293104016531,10.475830613869022,1.8016130485864152,15.077443662455437
2024-03-14 06:19:05,2024-03-14 06:20:05,40.76111097017287,-73.97601715554183,40.74728488630148,-73.94126057649947,1,0.7691650324789808,5.163210275184383,0.0,5.963210275184383
2024-03-14 07:15:24,2024-03-14 07:16:24,40.71410302980579,-74.01037917187213,40.7091843990082,-73.98531301972052,1,3.768716752949222,13.10875248542906,3.072862365644833,16.981614851073896
2024-03-14 09:01:50,2024-03-14 09:02:50,40.75934697410728,-73.97366560616865,40.77100343936771,-73.99955893605113,2,11.52545175838144,35.430650299590354,6.546317813862824,42.77696811345318
2024-03-14 09:37:16,2024-03-14 09:38:16,40.7546793625485,-73.98627824790225,40.76324518341758,-73.96141780144276,1,1.2891465594775775,3.0,0.0,3.8
2024-03-14 13:30:37,2024-03-14 13:31:37,40.78411728145266,-73.87310266939129,40.7759607909943,-73.87806467372206,1,8.786666315227597,27.75223814155678,5.934701632300517,34.9869397738573
2024-03-14 15:53:58,2024-03-14 15:54:58,40.72290906502568,-74.01420752518476,40.74031870711053,-73.99010790254664,1,1.6562792073283965,7.763223398985284,0.0,8.563223398985285
2024-03-14 16:40:58,2024-03-14 16:42:08,40.75734439122057,-73.99171232018836,40.75251255359268,-73.9910188663489,1,2.8799489448159865,9.392936845163325,0.0,11.192936845163324
2024-03-14 18:01:27,2024-03-14 18:02:27,40.69226184642587,-74.17959144028545,40.71765750256736,-74.156,1,6.17475307424714,22.596424611225697,5.018260571520576,29.914685182746272
2024-03-14 20:04:09,2024-03-14 20:05:09,40.74594036986041,-73.9933102921693,40.7307284111177,-73.9993973283346,6,0.9749699457903211,7.148199411740954,1.089316017523856,10.037515429264811
2024-03-14 20:57:53,2024-03-14 20:58:53,40.74847427687831,-73.98898693823519,40.78403004989679,-73.9819618650814,1,5.246458561038595,15.411593087308525,2.5221628622942127,20.233755949602735
2024-03-15 03:21:52,2024-03-15 03:22:52,40.64138072812877,-73.75925054791432,40.66153237950748,-73.818,1,28.91706095389216,80.03475623018365,0.0,86.38582187014467
2024-03-15 08:30:39,2024-03-15 08:31:39,40.640892254438896,-73.79739233191336,40.62750232829584,-73.818,6,18.50718820057441,52.5172210821322,10.504478115472187,71.91650341918194
2024-03-15 08:41:33,2024-03-15 08:45:44,40.70969674400665,-73.9977737225757,40.68322423137697,-73.9886637614996,1,2.213133375195278,10.65705596779376,2.3953690448299056,13.852425012623666
2024-03-15 08:50:38,2024-03-15 08:51:38,40.759607422829255,-73.9833820054156,40.75674516940765,-73.99675165901257,3,3.0535695305068864,9.16746973595314,2.0833577684649183,12.050827504418058
2024-03-15 08:52:30,2024-03-15 08:53:30,40.74514275348672,-73.98170681766081,40.74274786914855,-73.99876928044675,1,1.8638909658016016,5.041338267482175,0.8247903933733671,6.6661286608555415
2024-03-15 09:15:30,2024-03-15 09:16:30,40.756088491708354,-73.98341784341537,40.75321320255271,-73.93994571979381,1,3.0238671576047227,8.810055025094353,0.0,10.110055025094354
2024-03-15 09:52:40,2024-03-15 09:54:36,40.75771309685704,-73.98343605357823,40.79482771609688,-74.00364695760389,1,5.396767409486023,18.757994247276788,3.2095930435545985,23.267587290831383
2024-03-15 11:40:17,2024-03-15 11:41:17,40.74151251927447,-73.97435762645718,40.73980497563353,-73.96827472285098,2,1.2296517913009553,3.54660368239785,0.536860335645204,4.883464018043053
2024-03-15 13:58:12,2024-03-15 13:59:12,40.7472592389704,-73.97279408928145,40.71748037433745,-73.97951009108928,6,5.276569677550828,19.07757365837862,0.0,19.87757365837862
2024-03-15 16:25:50,2024-03-15 16:28:54,40.716084699081954,-74.00941266979486,40.70024220124732,-74.03570870060697,2,2.550344096446096,8.893232042301676,1.6866107374127617,12.87984277971444
2024-03-15 16:29:04,2024-03-15 16:30:20,40.75767932008967,-73.97866307167232,40.785796570729694,-74.01782360517342,1,1.3854308341939934,5.577749219149711,1.0528610214213012,8.430610240571012
2024-03-15 17:33:10,2024-03-15 17:34:10,40.76430072477485,-73.99475873181068,40.78981796410725,-73.957520107931,1,16.024824323019484,47.87461560619853,9.70059783148531,67.05660916795466
2024-03-15 17:42:47,2024-03-15 17:43:55,40.64597469912725,-73.77283994878232,40.61377965401011,-73.818,2,13.983697979548396,37.12021808986103,9.135706261202897,48.05592435106392
2024-03-15 19:15:32,2024-03-15 19:18:35,40.63549833871148,-73.79259852346333,40.63409365598033,-73.818,1,23.953618661049354,70.0127405899991,12.405725928598365,90.66427943065491
2024-03-15 20:22:54,2024-03-15 20:29:19,40.7400509958284,-73.99848106121638,40.74595304062713,-73.98556731001965,1,4.797567263033596,18.44445350200436,3.5014708804987817,23.745924382503144
2024-03-15 20:55:42,2024-03-15 20:56:42,40.75729590700979,-73.9733331454707,40.74756245380856,-73.94984962894497,2,7.953889706112174,24.907459667416248,6.100545789251983,32.80800545666823
2024-03-15 21:15:03,2024-03-15 21:16:03,40.75041251121235,-73.9764085856718,40.75380356397563,-73.96769516572614,1,3.92867778717095,15.663466964973257,3.5111301977985887,20.974597162771847
2024-03-15 21:44:16,2024-03-15 21:46:11,40.7136485458731,-74.01206880948635,40.71206193880324,-74.01470565680084,1,3.6736090515026394,12.003127388208265,1.8418061214012695,15.644933509609531
2024-03-15 21:48:48,2024-03-15 21:51:21,40.74186299061869,-73.98927262804337,40.76183757902772,-73.97327704510205,2,5.662750371263484,17.43941153531855,2.6983963284000065,21.937807863718557
2024-03-15 22:35:18,2024-03-15 22:36:18,40.71694104370484,-74.00947777428965,40.69178339543054,-74.0552559176821,2,2.316731966752187,9.833393104344266,0.0,11.633393104344266
2024-03-16 01:41:34,2024-03-16 01:42:34,40.71093753743691,-73.99933072079938,40.678167283581416,-74.00042914727537,1,12.54490736234236,37.71605695790983,8.160155538930832,46.676212496840655
2024-03-16 03:22:24,2024-03-16 03:23:24,40.68343435810944,-74.17290735985196,40.68932354862319,-74.156,1,13.996577017077987,39.44859552201255,6.9939345096753565,47.24253003168791
2024-03-16 06:06:27,2024-03-16 06:07:40,40.75076222343336,-73.99418106823451,40.74034017148415,-74.001737140368,1,6.167640993708395,20.28041254716008,0.0,21.58041254716008
2024-03-16 06:52:30,2024-03-16 06:53:30,40.712905050905086,-74.00429049351956,40.69730616723039,-73.9987704346686,2,3.704352660848566,16.075046122289155,3.1360010456983924,20.01104716798755
2024-03-16 08:33:36,2024-03-16 08:34:55,40.77031117696829,-73.98569183440908,40.75489244545727,-73.94256163778032,1,6.257063124930037,21.65405014855583,5.034096851308743,27.98814699986457
2024-03-16 09:01:02,2024-03-16 09:04:19,40.76558091865866,-73.9886933505655,40.78306363656337,-73.99385743423586,1,3.873818309560325,14.402148887949595,3.493004371258556,19.695153259208155
2024-03-16 10:16:38,2024-03-16 10:17:38,40.75402924932031,-73.98473144690179,40.73754959951987,-73.97362101097433,4,7.780303745966282,23.6595952504244,5.564615396189603,30.524210646614
2024-03-16 11:14:16,2024-03-16 11:18:09,40.711590812721255,-73.99755907501455,40.714051595967824,-73.99611946572715,1,3.3051694571938137,11.845818263544828,0.0,12.645818263544829
2024-03-16 13:01:51,2024-03-16 13:06:12,40.753084021191725,-73.9945310813248,40.76169955259225,-74.00403240307162,1,8.956197170403023,25.11438986707552,0.0,25.91438986707552
2024-03-16 13:18:51,2024-03-16 13:20:07,40.71016380584958,-74.0041933150862,40.71969773707894,-74.00123717244279,3,3.845139714959005,14.836483106977656,2.980358983087533,18.61684209006519
2024-03-16 15:29:26,2024-03-16 15:30:26,40.76102686323486,-73.972548478456,40.77577872935902,-73.93547779970955,1,0.6269635546159317,3.8896652487876833,0.6883052236784672,6.37797047246615
2024-03-16 19:21:51,2024-03-16 19:22:51,40.75869697494729,-73.97519135543345,40.73511508033822,-73.95154654638173,3,15.218417229598584,41.85113229203508,0.0,57.1126835243178
2024-03-16 19:48:13,2024-03-16 19:49:13,40.64527013720603,-73.77050963090466,40.6288881705514,-73.818,1,15.24800852393026,47.35284551168797,8.919038961465397,76.9228420739816
2024-03-16 19:52:28,2024-03-16 19:53:28,40.71633025708609,-74.00052333440254,40.71834995800079,-73.98305351674212,1,0.4743796551953183,4.500533124836471,0.0,6.300533124836471
2024-03-16 20:34:51,2024-03-16 20:35:51,40.753338699325134,-73.99568059186274,40.75332036667154,-73.98432361627725,2,1.1081403086532942,6.08541955741834,1.3621523540577287,9.247571911476069
2024-03-16 21:43:17,2024-03-16 21:44:17,40.71316381978559,-73.9942751027814,40.68100628286534,-73.99674693374253,2,7.460863447899323,24.67737729107324,5.842391478018751,32.31976876909199
2024-03-16 22:19:14,2024-03-16 22:21:13,40.77622582365368,-73.89492277902158,40.7932892510344,-73.89277818834208,1,11.624301469150629,37.34715521100839,8.234440348006375,48.38159555901476
2024-03-16 23:05:40,2024-03-16 23:06:40,40.7643007181658,-73.97557104453247,40.72184191983702,-73.96456263593458,1,4.2320166863465785,13.37661085329769,0.0,15.17661085329769
2024-03-17 01:22:00,2024-03-17 01:23:00,40.69639372776288,-74.17460228542427,40.64836969371765,-74.156,2,14.281131800904742,40.87231553119583,0.0,42.17231553119583
2024-03-17 08:03:48,2024-03-17 08:05:11,40.70915704455578,-74.01036978483077,40.73554989121291,-74.04938850364532,1,10.587672373511795,31.510293205637968,7.876825929149299,40.18711913478726
2024-03-17 08:04:11,2024-03-17 08:06:22,40.74066593659219,-73.98452497184657,40.73988606767742,-73.9705621803697,4,17.440993615964523,53.77388133754376,13.045609504468375,80.5417008027533
2024-03-17 09:13:10,2024-03-17 09:14:10,40.68750568517384,-74.17909213919329,40.68601284243584,-74.1358083567622,3,16.866493033710018,47.90940982697384,0.0,68.0835364345649
2024-03-17 10:19:10,2024-03-17 10:20:10,40.70640221659995,-74.00188099350851,40.67568704350505,-73.98219897323595,1,8.069323617816051,30.725291760402456,0.0,32.52529176040245
2024-03-17 11:37:43,2024-03-17 11:39:37,40.72309469422649,-74.00689554666293,40.73359403787929,-73.98751912190572,1,12.201858266684866,36.78844298778229,6.6907513578790745,44.77919434566136
2024-03-17 12:25:46,2024-03-17 12:27:07,40.74559650747676,-73.98547089904284,40.72117048102403,-74.01131195968699,1,4.739154825254858,16.985364714356557,2.837380347554821,21.622745061911377
2024-03-17 12:33:39,2024-03-17 12:34:39,40.70961850044613,-74.00285155937662,40.71224938213741,-74.02456071425793,1,9.876943869558218,24.86333775379996,0.0,25.66333775379996
2024-03-17 13:07:13,2024-03-17 13:08:13,40.76040659030028,-73.99346079992493,40.74235631543599,-74.02265770681221,1,6.526731627906555,18.42975644611113,2.983207352853344,22.21296379896448
2024-03-17 13:43:53,2024-03-17 13:46:37,40.750678479448325,-73.98498644718222,40.74679732302728,-73.9697180934336,1,0.4168640246586911,3.0,0.617235137503443,4.417235137503443
2024-03-17 13:46:11,2024-03-17 13:48:03,40.75524309856262,-73.97241481019441,40.73976282331869,-73.95399052721478,1,1.2566118170413814,8.42712075672698,1.8770428362825768,11.104163593009558
2024-03-17 14:26:44,2024-03-17 14:29:11,40.63863149567984,-73.7743958349785,40.64571684141065,-73.818,2,15.721414211039074,47.31726369381474,9.2780734086038,70.35613698109317
2024-03-17 15:33:13,2024-03-17 15:34:13,40.7577274202738,-73.97416948540712,40.75990131875813,-73.92295682690728,1,5.050836950500898,16.577084506842137,0.0,18.377084506842134
2024-03-17 16:05:00,2024-03-17 16:07:18,40.76855858608976,-73.97338906902806,40.76330846973403,-73.99164840891122,4,3.3513685607006107,14.063341695072577,2.153694754009104,18.01703644908168
2024-03-17 16:30:19,2024-03-17 16:31:19,40.75697239158142,-73.99332351218445,40.76844321990296,-74.01939835547704,2,0.6877224542050269,3.229595044974872,0.0,5.029595044974871
2024-03-17 18:11:08,2024-03-17 18:12:08,40.77005456175308,-73.97389175166586,40.79974120930237,-73.96372871582452,1,4.88593437249086,16.118868398262354,3.6750883709271744,21.59395676918953
2024-03-17 18:43:07,2024-03-17 18:44:07,40.75322505068228,-73.97151093770688,40.78527831176672,-73.97284536829112,2,6.758805685069016,17.995624245935357,4.156555731434367,23.952179977369724
2024-03-17 19:02:07,2024-03-17 19:03:07,40.75852042616371,-73.96190757736386,40.72426463946019,-73.99039206675113,1,8.074934340590735,27.433474849350542,0.0,29.233474849350547
2024-03-17 20:26:29,2024-03-17 20:30:17,40.763546148337085,-73.9960504471805,40.75397800574601,-73.98150213268251,4,1.924284759036164,9.73026243052914,2.132242962031809,13.662505392560949
2024-03-17 22:22:52,2024-03-17 22:23:59,40.71996788725486,-74.01569666441502,40.76136643403174,-73.98832739688929,1,8.321638974246625,28.59652865743791,6.180947794638648,37.07747645207656
2024-03-17 22:28:27,2024-03-17 22:29:27,40.76137167648089,-73.97373084414546,40.74418438253716,-74.01561628096168,1,2.935879298095729,13.687127339945704,2.8389973733334224,18.82612471327913
2024-03-17 23:58:25,2024-03-17 23:59:25,40.74777731806084,-73.9910248235968,40.75062733423037,-73.98181592282249,1,1.7998772042974256,6.6247787329531125,1.5009695686442084,9.925748301597322
2024-03-18 07:46:01,2024-03-18 07:47:35,40.7557900600628,-73.99252918954826,40.80392053775641,-73.9951479557825,1,1.1215074123475142,8.057188071251215,0.0,9.357188071251215
2024-03-18 07:59:39,2024-03-18 08:00:39,40.776211914358406,-73.87490024535543,40.77349375984225,-73.83654901385974,1,23.547418873251612,63.27284455380088,0.0,75.84812128803725
2024-03-18 08:00:23,2024-03-18 08:01:48,40.758327929709154,-73.98571655087129,40.77971874289588,-73.99132322552931,1,10.365745448548257,33.42250909776722,6.566114489085791,40.78862358685301
2024-03-18 12:20:35,2024-03-18 12:23:45,40.76951631885281,-73.99066063795813,40.79057304842093,-73.97196061576645,5,1.2722092990620046,8.097469455381074,1.576193396832545,10.47366285221362
2024-03-18 12:45:29,2024-03-18 12:49:26,40.63279371278343,-73.78223269655997,40.6382361386714,-73.818,1,15.165014407365936,48.58427574374677,0.0,68.42320070405894
2024-03-18 16:44:04,2024-03-18 16:45:04,40.71529946219552,-74.01196543386418,40.71968786489555,-74.02171079798853,1,4.634075455572613,13.882668638512676,0.0,16.682668638512677
2024-03-18 17:22:56,2024-03-18 17:26:38,40.632628898507214,-73.77956327469846,40.61870234440608,-73.818,1,15.189797686640588,45.41609584220293,0.0,63.34031431823026
2024-03-18 17:28:40,2024-03-18 17:32:06,40.71572475972925,-74.00546675080622,40.72426075895351,-74.00720847300137,1,8.157621995921847,28.1776039487491,4.424844625406347,34.40244857415544
2024-03-18 19:05:03,2024-03-18 19:07:27,40.76694141262226,-73.97611196822014,40.75992143239335,-73.92783720596381,1,0.3722570837536559,6.264271359157499,1.1067966838541716,9.171068043011672
2024-03-18 19:29:39,2024-03-18 19:30:39,40.76779413181781,-73.97052700244804,40.7459557675688,-73.97455033995988,1,4.175847061691147,12.772061723989768,0.0,14.572061723989767
2024-03-18 20:05:07,2024-03-18 20:06:07,40.68094310208474,-74.16665169207073,40.68229969133934,-74.156,2,11.353399789202273,33.966304403691005,0.0,35.766304403691
2024-03-18 21:05:41,2024-03-18 21:06:41,40.69354472560627,-74.16798015927239,40.71450079947915,-74.1523640247102,2,10.168371051726554,31.822954849859237,5.748988602439214,39.37194345229844
2024-03-18 22:32:46,2024-03-18 22:36:40,40.74191794991922,-73.97821340902442,40.7364584438661,-73.96655183239666,1,8.786878559634438,25.77466809051858,5.633952499032369,33.208620589550954
2024-03-18 23:46:23,2024-03-18 23:48:05,40.76830759742423,-73.9705722724607,40.7833197314696,-73.99099366774581,1,1.769112882328165,7.561486713540098,0.0,10.3614867135401
2024-03-19 00:39:03,2024-03-19 00:40:03,40.76269279691453,-73.97761674363333,40.72803911138203,-73.96246788916,1,4.530434228983635,15.80139164075362,0.0,16.601391640753622
2024-03-19 02:30:40,2024-03-19 02:31:40,40.7688805132067,-73.96410304754293,40.77484539919897,-73.95435427752967,2,1.6975619199757426,8.798521641008689,2.0125911103003,11.611112751308989
2024-03-19 06:10:04,2024-03-19 06:11:04,40.75777833693711,-73.99236196471574,40.75372630430725,-73.98941861207898,1,3.267527995753622,11.229320971376714,0.0,12.529320971376714
2024-03-19 06:43:01,2024-03-19 06:45:52,40.71963941352796,-74.01512176795136,40.72740447656384,-74.0538612916346,1,30.0,86.68103330078834,0.0,106.07824896270348
2024-03-19 07:30:45,2024-03-19 07:36:38,40.63227708557248,-73.77671283865192,40.620411071223344,-73.818,1,31.53775243331029,91.01274595687126,0.0,101.52056730273029
2024-03-19 07:46:41,2024-03-19 07:47:41,40.771059692202165,-73.86583801174731,40.74217890737011,-73.93743332473838,1,12.531291779844574,36.76897092168268,0.0,38.56897092168268
2024-03-19 10:56:06,2024-03-19 10:57:06,40.646214600836494,-73.77754242606899,40.64349845349932,-73.818,1,13.109447253901482,39.78805688325079,9.06624421817705,50.15430110142783
2024-03-19 11:16:46,2024-03-19 11:17:53,40.7841374545773,-73.86524042266252,40.789444118478606,-73.87864441883717,1,9.511473291251464,31.12794463655137,6.8561620518637865,38.78410668841516
2024-03-19 12:59:01,2024-03-19 13:00:01,40.766823450759205,-73.9876634170735,40.73692141563163,-73.99556176372282,3,2.1465689186080312,9.245157657529075,1.4110628731902377,11.456220530719314
2024-03-19 13:50:23,2024-03-19 13:51:23,40.745234825378326,-73.99060619106818,40.7333277235177,-74.01158860047784,2,2.8469764143070355,8.276642490835421,0.0,9.076642490835422
2024-03-19 14:29:51,2024-03-19 14:32:01,40.69338982397845,-74.17525668948808,40.68570052386686,-74.156,1,28.993038308096637,82.1657361377712,18.15813840723633,110.44972250420896
2024-03-19 14:48:37,2024-03-19 14:50:26,40.645340035602,-73.79362441292206,40.61947349774926,-73.81901900166277,2,8.135552530353003,26.804419910099657,5.42838610443391,33.03280601453357
2024-03-19 16:32:09,2024-03-19 16:33:09,40.744801749598125,-73.99477764304315,40.73613201624768,-73.98509986531654,1,24.36323209359854,70.18539597865947,0.0,82.33337177048959
2024-03-19 17:25:57,2024-03-19 17:34:24,40.75776654228521,-73.99390055169924,40.77722129769334,-74.015323346789,1,1.0847015661213002,9.169606890386946,0.0,10.969606890386949
2024-03-19 17:43:14,2024-03-19 17:45:11,40.68767996163359,-74.18607912945836,40.73489012295781,-74.156,2,9.518597409484489,28.617240037656693,0.0,30.417240037656693
2024-03-19 17:52:46,2024-03-19 17:54:20,40.74967086801382,-73.99346242676312,40.77658930352217,-73.9876724098725,1,2.6213194565289,5.741881367662616,0.9716568363117184,8.513538203974335
2024-03-19 19:00:00,2024-03-19 19:01:00,40.77442582689814,-73.8671171521135,40.76392745242327,-73.85272810111344,1,19.038742950743178,52.931073207249874,0.0,73.59294157913608
2024-03-19 19:11:06,2024-03-19 19:12:06,40.74876658799351,-73.97380921357666,40.79395669584926,-73.96678916711798,1,5.321360712124672,16.332214287078887,3.908718534616988,22.04093282169588
2024-03-19 22:07:35,2024-03-19 22:08:35,40.71281446176722,-74.0067682904114,40.70780898782628,-73.99602919503431,1,3.870503329766607,11.926409284220073,2.445161424262529,16.1715707084826
2024-03-20 00:03:51,2024-03-20 00:04:51,40.711795292446176,-74.00262451600499,40.71733307148439,-74.01555545550957,2,4.619357867850741,16.267938857421534,0.0,18.06793885742153
2024-03-20 06:00:59,2024-03-20 06:01:59,40.756060743143166,-73.99118190490249,40.8070833247033,-74.00172406569239,2,13.446944316123696,39.56530083647398,6.209739815701469,46.575040652175446
2024-03-20 07:01:47,2024-03-20 07:03:04,40.75964119983878,-73.9814054678079,40.755037376192384,-74.00697913698829,4,7.398420453893594,21.244835373493004,0.0,22.544835373493004
2024-03-20 07:39:04,2024-03-20 07:40:04,40.76144921644785,-73.98492677627327,40.77446792927854,-74.01273220628454,3,1.922811385461228,11.1894390796466,2.491162979540012,14.480602059186612
2024-03-20 09:00:25,2024-03-20 09:01:25,40.746883289130274,-73.98520806347994,40.74922794995823,-73.94292064936216,1,4.483733862845866,17.066982660610833,3.715118384294582,21.58210104490541
2024-03-20 09:16:33,2024-03-20 09:17:43,40.76140079031944,-73.96514048236165,40.73042832765778,-73.97015473101622,4,10.100915586141776,34.994549215555274,0.0,35.79454921555527
2024-03-20 09:17:57,2024-03-20 09:20:27,40.76328928987094,-73.97703980923049,40.751460636511005,-73.97303780482072,2,2.771066481044932,12.289608361529485,0.0,13.589608361529486
2024-03-20 09:53:55,2024-03-20 09:56:22,40.75250972771956,-73.97350040830635,40.7518611337396,-73.95502897950209,1,0.6424317085626826,4.367705456864514,1.0370786163776595,6.204784073242173
2024-03-20 11:46:56,2024-03-20 11:48:10,40.75934273065827,-73.97262513217818,40.75670473196643,-73.98077914983871,2,1.026144134936221,6.794859339776132,1.0963070520469265,8.691166391823058
2024-03-20 14:20:21,2024-03-20 14:21:22,40.75744911271559,-73.97613050172697,40.76783950286563,-73.92455565540226,1,4.462559087774051,12.519823183644348,1.9109715165888983,15.230794700233249
2024-03-20 16:44:57,2024-03-20 16:45:57,40.76544418214777,-73.9651382335565,40.77184654818495,-73.98909702840638,2,0.3296141831732438,5.704571202472197,0.0,7.504571202472197
2024-03-20 19:33:43,2024-03-20 19:36:38,40.64717633380288,-73.79206514555156,40.64094234150435,-73.818,3,10.311874677202962,32.05037277032325,0.0,33.85037277032325
2024-03-20 19:47:21,2024-03-20 19:48:21,40.75669037182933,-73.99560767585342,40.77117414565767,-73.95446419697731,6,8.836333185277176,26.03980798458648,6.051512744440737,34.39132072902722
2024-03-20 20:20:31,2024-03-20 20:21:49,40.64138247337332,-73.78073045896528,40.60890617084292,-73.818,2,13.814507414307542,41.21886049350664,6.87734033033301,49.89620082383965
2024-03-20 20:30:53,2024-03-20 20:31:53,40.687272144496696,-74.16781828041529,40.67570806776949,-74.156,1,15.33016118934029,46.94016955947912,0.0,61.49594851600199
2024-03-20 20:31:46,2024-03-20 20:32:46,40.71412650922745,-74.0050345304922,40.73536668640259,-73.9612838280666,2,2.397738850288938,11.496244880148078,0.0,13.79624488014808
2024-03-20 22:12:09,2024-03-20 22:13:09,40.749516761121264,-73.98010975053394,40.71954765247067,-73.9372758934461,1,4.372138307954337,10.824318168850304,2.04419158329075,14.668509752141055
2024-03-20 22:14:48,2024-03-20 22:16:45,40.68482193722016,-74.16281637498344,40.66726599975967,-74.156,6,14.426587744977674,42.83699177948993,6.507323043526481,51.64431482301641
2024-03-20 23:02:34,2024-03-20 23:03:51,40.76283015981118,-73.97507231364455,40.79701972390431,-73.98003633663588,5,2.8436146471796366,7.963047819593406,1.5384843512316002,11.301532170825007
2024-03-21 02:11:00,2024-03-21 02:12:00,40.75674132453417,-73.98377807772268,40.74461341691807,-73.99447688918708,2,15.735678564223871,48.56011170415288,7.975620995696754,68.84273673778506
2024-03-21 08:53:37,2024-03-21 08:55:27,40.68736830098621,-74.1890411373286,40.68804659001746,-74.156,1,17.00322431820787,49.33227937705418,0.0,57.902623803157496
2024-03-21 09:19:36,2024-03-21 09:20:36,40.75742806412377,-73.97821634327548,40.77803403114368,-73.97913651730977,1,2.329293482742175,10.775780710796797,0.0,11.575780710796796
2024-03-21 09:33:04,2024-03-21 09:34:04,40.777127305893465,-73.87777031237361,40.75846734896543,-73.86721835600854,2,13.180536544417077,38.81299203355627,0.0,39.61299203355627
2024-03-21 10:25:47,2024-03-21 10:26:47,40.71067155517797,-74.01164534892266,40.681906512513045,-74.01938479326834,3,1.0909234294338483,5.749533931031824,1.080565727980734,8.130099659012558
2024-03-21 13:18:05,2024-03-21 13:19:05,40.76369933405079,-73.9870000386429,40.78450345241652,-73.97533642959866,3,2.1011477542794745,6.740654340151583,1.3812423688561777,8.92189670900776
2024-03-21 14:32:04,2024-03-21 14:33:04,40.74953191882624,-73.9936991848833,40.75085776879145,-74.01391578838495,1,4.524644373757768,15.702913307920063,3.1495875934318573,19.65250090135192
2024-03-21 15:48:47,2024-03-21 15:49:47,40.775748197492746,-73.87932181528167,40.77240116293811,-73.85665416170283,1,15.18502449894748,44.72456303656811,8.043727747313543,59.089638668206746
2024-03-21 16:07:49,2024-03-21 16:08:49,40.75121278776234,-73.97409403984798,40.755910967433024,-73.97080764855053,3,28.63471261672467,80.21769430541895,0.0,90.80751436047416
2024-03-21 16:49:35,2024-03-21 16:51:15,40.766405553419325,-73.98104554534561,40.806204577411904,-73.96067742427479,2,12.268300098211451,39.041021176330354,0.0,40.84102117633035
2024-03-21 17:30:10,2024-03-21 17:31:10,40.76495889069693,-73.98128565024096,40.771167534639325,-73.9642478179622,4,1.4730893445644322,6.004499205926763,1.272518994878613,9.077018200805377
2024-03-21 19:54:34,2024-03-21 19:55:35,40.64549866924309,-73.77384413052216,40.63776615056664,-73.818,2,8.627203962606053,24.70270533488973,0.0,26.502705334889733
2024-03-22 12:02:42,2024-03-22 12:03:42,40.64977520116636,-73.76539988968135,40.655444358581946,-73.818,2,13.57935530173872,41.751509896751,10.035822190329885,52.58733208708088
2024-03-22 13:22:54,2024-03-22 13:24:25,40.71273455094496,-74.00733959678122,40.72617524634418,-74.04394122887778,6,1.966537528261387,10.639937205707684,2.0365175927605423,13.476454798468229
2024-03-22 13:49:38,2024-03-22 13:58:54,40.75409770658391,-73.99035162744383,40.73879149606547,-73.97781467011933,1,2.703993796150778,13.569624877807833,2.2976625942258155,17.16728747203365
2024-03-22 14:07:24,2024-03-22 14:08:24,40.74500141476213,-73.99524555072338,40.77864538967762,-73.98123985427964,1,2.866852705830369,7.085061686740739,0.0,7.885061686740739
2024-03-22 15:45:11,2024-03-22 15:46:11,40.777302381542505,-73.88683190267544,40.78372903960711,-73.85103180172011,2,20.379805462659093,60.68123480261824,12.720029695547764,82.99608918057734
2024-03-22 16:25:39,2024-03-22 16:27:05,40.76121250966533,-73.98711413479285,40.78661271469888,-74.00160865436476,2,2.28476446810459,12.374841072675087,2.8353305942026394,17.010171666877728
2024-03-22 17:25:28,2024-03-22 17:27:05,40.748895013768745,-73.99756131546579,40.75929351394661,-73.97493859491462,2,2.776463553273088,11.886521899426167,2.325233652642141,16.01175555206831
2024-03-22 17:28:19,2024-03-22 17:29:19,40.76868510404143,-73.96897547103087,40.784900601211405,-73.95180933308768,1,9.730323425599853,31.408087181583674,5.703410779534022,38.911497961117696
2024-03-22 17:31:08,2024-03-22 17:33:19,40.76124422564875,-73.97878054074117,40.77764501286462,-73.97933579174344,2,3.1713780631701094,14.3557611034588,3.062527647359316,19.21828875081812
2024-03-22 17:33:11,2024-03-22 17:34:21,40.712281190348335,-73.9983666505455,40.72907333118767,-74.00060161946531,1,2.652307587129564,9.383108629218237,0.0,11.183108629218236
2024-03-22 18:35:11,2024-03-22 18:36:47,40.755655091622046,-73.99007510077641,40.73925440387062,-73.94463585604028,4,6.664158973127288,18.474256143327523,3.4956731001278647,23.769929243455387
2024-03-22 19:37:46,2024-03-22 19:39:49,40.709569348894505,-74.01121985576737,40.693707315595326,-74.0035911945469,5,1.0264194203878372,5.099159256168798,0.8066561342141128,7.705815390382911
2024-03-22 22:01:35,2024-03-22 22:02:35,40.71189946199745,-74.00483896281439,40.6997537493926,-74.00409884102422,3,9.595866203591482,29.370946102933203,7.311932678368345,38.48287878130155
2024-03-22 22:21:55,2024-03-22 22:22:55,40.69306712851397,-74.17869442079008,40.69875083950498,-74.156,1,21.684177860487654,65.77656218894333,0.0,76.31986701981799
2024-03-23 02:52:12,2024-03-23 02:53:57,40.71472529646102,-74.00748701522227,40.72094291185065,-74.009020585699,1,4.752128475394947,17.04134333943175,2.6735217618906124,20.514865101322364
2024-03-23 03:39:35,2024-03-23 03:40:35,40.6475108138309,-73.77910485859212,40.67335295984162,-73.818,1,17.10793290596471,50.322545908163335,0.0,71.11948710786423
2024-03-23 05:44:47,2024-03-23 05:45:47,40.75749124289873,-73.98376191695654,40.77537354359156,-73.96770809683794,5,1.5559079445623964,4.175536891578589,0.916448325000019,6.891985216578608
2024-03-23 05:44:57,2024-03-23 05:46:08,40.71098158729966,-73.99966021447437,40.71664182579016,-73.99421473835673,2,4.783387092988043,17.99654712715902,0.0,19.79654712715902
2024-03-23 05:53:34,2024-03-23 05:54:34,40.774241568003184,-73.86862944932008,40.777756439140056,-73.89299695162424,1,18.63335582162714,47.53956951990751,10.438997393663026,75.99397207103357
2024-03-23 07:13:02,2024-03-23 07:14:33,40.71175696428155,-74.00713727284514,40.72312991768339,-74.01551710677674,1,2.1528091564368053,4.335143855411954,0.97114368808783,6.606287543499784
2024-03-23 09:32:29,2024-03-23 09:35:56,40.74671099149416,-73.9933330702701,40.78090506639207,-74.00278125825102,2,1.835093563787351,9.928176113972428,1.841623844486011,13.06979995845844
2024-03-23 11:29:30,2024-03-23 11:30:46,40.76086688655368,-73.9908271458749,40.75843795409168,-73.99173269983302,3,2.2546221658337324,8.667169060217976,1.4745455783099148,10.941714638527891
2024-03-23 13:43:20,2024-03-23 13:46:40,40.75318672435206,-73.9825856472526,40.73288208051349,-73.96785226107917,2,3.3663252581067025,12.381188354443704,0.0,13.681188354443703
2024-03-23 15:53:00,2024-03-23 15:56:36,40.68708862601122,-74.16518056211318,40.642639491718114,-74.156,1,12.291978616424704,40.73082723268252,0.0,41.53082723268252
2024-03-23 16:03:21,2024-03-23 16:04:21,40.74730272870594,-73.98378359002638,40.7623103961063,-74.01760887663922,1,1.7318890540451457,6.96779795367587,1.6640685198523837,10.431866473528254
2024-03-23 17:30:53,2024-03-23 17:31:53,40.75092768998256,-73.98245357979823,40.73664599168128,-74.02018420983593,1,1.1163199477100891,6.778816663281688,0.0,8.578816663281689
2024-03-23 19:27:05,2024-03-23 19:29:35,40.76298671280813,-73.99550570889744,40.75273998849927,-73.99565973588481,1,1.7399121013113978,8.125037315134053,1.552361428123895,11.477398743257949
2024-03-23 19:35:13,2024-03-23 19:37:06,40.71083974028099,-74.00887977579684,40.722802212462575,-74.00532722089653,1,4.65214461993574,14.932124157389016,2.5695027641037025,19.801626921492723
2024-03-23 19:59:59,2024-03-23 20:00:59,40.68190443026208,-74.17123536361444,40.69549024793072,-74.156,1,19.740675762086624,55.61020972597317,12.29535524512729,75.38806363370344
2024-03-23 21:29:21,2024-03-23 21:30:21,40.71201963265595,-74.01654157683309,40.6663312854046,-74.01518843448359,2,1.499968208444667,11.595951361892212,2.5463897183522715,16.442341080244482
2024-03-23 21:31:19,2024-03-23 21:35:03,40.77576036513448,-73.88005461108794,40.76845857692705,-73.87893349373512,5,12.09057115206941,33.66274325169782,5.295751273326498,40.75849452502432
2024-03-23 22:12:12,2024-03-23 22:13:12,40.72070657357972,-74.01575768873543,40.74099139117128,-74.06457446785961,4,4.250141058626454,15.55234830408963,2.753262095830032,20.605610399919662
2024-03-23 23:38:56,2024-03-23 23:39:56,40.71516205602239,-74.00472493565948,40.7312896512197,-74.01317766596786,4,6.173765584134461,21.07586623379545,4.4240814228966485,27.2999476566921
2024-03-23 23:54:13,2024-03-23 23:56:19,40.76978269670434,-73.98069920177129,40.77309228482972,-73.9720410571468,1,15.010352971086336,43.34897433234262,8.363253334489517,70.41504764346385
2024-03-24 06:29:00,2024-03-24 06:30:47,40.777191552642975,-73.87388475584015,40.79829073271737,-73.86592548872986,1,8.478278089164608,26.89572384108121,5.195222769992939,32.89094661107416
2024-03-24 06:33:38,2024-03-24 06:36:14,40.7587508847058,-73.97843838566402,40.7779992047739,-74.00453463098998,1,6.253025319484421,24.206468077977444,0.0,25.006468077977445
2024-03-24 07:05:01,2024-03-24 07:06:01,40.71249959260248,-74.00485395910117,40.71110251748713,-74.02720555131795,4,1.048841558234989,5.943188353755811,1.0187468750249866,7.761935228780797
2024-03-24 09:09:26,2024-03-24 09:10:57,40.681985190525005,-74.17636735258067,40.6800856705489,-74.156,1,13.192595721973897,37.65698029303393,5.908467886142627,44.36544817917655
2024-03-24 10:08:07,2024-03-24 10:09:07,40.711290310070616,-74.01032423153246,40.72349073622868,-74.01117817380874,2,1.8290473252205093,8.748214749025715,0.0,9.548214749025716
2024-03-24 14:16:53,2024-03-24 14:19:40,40.75751753055215,-73.99044414635517,40.7527017420388,-73.99985018179615,4,5.605185766309,14.262227250853387,2.359208198477293,17.421435449330684
2024-03-24 15:45:32,2024-03-24 15:46:32,40.6889587850504,-74.19155251210061,40.74627286358947,-74.156,1,16.414986933751482,51.66079325925525,11.802841889869311,72.85022133710882
2024-03-24 17:47:48,2024-03-24 17:48:48,40.75000230346984,-73.97549793952301,40.75498758265577,-73.93537081065399,3,2.800117716687236,9.41453502764842,2.0971791612258968,13.31171418887432
2024-03-24 18:05:05,2024-03-24 18:06:05,40.69729192250199,-74.16695245754599,40.70052390797141,-74.11912017625377,1,7.831397928065997,27.947526080827696,4.409364203381072,34.15689028420877
2024-03-24 19:00:32,2024-03-24 19:01:32,40.76293971877055,-73.99390960403544,40.76431012681097,-73.96215974486887,1,5.115572597353313,19.07373118494817,4.34191124863581,25.21564243358398
2024-03-24 19:15:53,2024-03-24 19:21:20,40.76155652191796,-73.98010207808734,40.74854375165816,-73.96928163696631,2,14.481734656737016,46.636830112106026,0.0,48.43683011210602
2024-03-24 19:35:24,2024-03-24 19:36:30,40.71247295860825,-73.98956535524283,40.72373998166771,-74.00247234007598,2,11.045199759350329,34.96846125473277,6.296709754645857,44.06517100937863
2024-03-24 20:28:28,2024-03-24 20:29:29,40.70773042823623,-74.0049827466325,40.71313266455147,-73.96134214169929,2,5.768464748336386,21.393412695620032,4.257776992005903,27.45118968762593
2024-03-24 21:28:11,2024-03-24 21:29:11,40.74941787524861,-73.98284613082575,40.76242398226801,-73.9926772076284,1,3.7429780373520183,13.193092194024528,2.355867259026596,17.348959453051123
2024-03-25 07:42:26,2024-03-25 07:43:26,40.64457546433157,-73.7709324114589,40.63381688734038,-73.818,1,12.83762798976605,38.27761158502669,0.0,39.07761158502669
2024-03-25 08:11:15,2024-03-25 08:12:15,40.75820696015654,-73.98704556033765,40.78251843941337,-73.99967179069064,3,5.247782001296308,19.87693458267783,0.0,21.17693458267783
2024-03-25 09:34:02,2024-03-25 09:35:50,40.77261215128421,-73.8657325433992,40.7960107044955,-73.85125315169175,1,15.757930315372924,45.20309162149199,9.040972279492255,62.996821160175074
2024-03-25 10:20:51,2024-03-25 10:21:51,40.63612343565356,-73.77640960084729,40.675970889975005,-73.818,2,15.179087782526054,42.8915654233901,0.0,49.76812968594628
2024-03-25 13:18:53,2024-03-25 13:19:53,40.6936599750345,-74.16051575801308,40.70056857254407,-74.11969241008727,2,13.717925216664996,38.9818716181717,8.615801614804244,48.89767323297595
2024-03-25 14:16:56,2024-03-25 14:17:56,40.7127414552176,-74.00502787987735,40.70586907627408,-74.04032374861389,2,7.3091386779197665,21.73170378731322,3.7904107589076776,26.32211454622089
2024-03-25 15:43:11,2024-03-25 15:44:11,40.714453909653045,-73.99784283990148,40.70702386714384,-73.9879960359182,2,2.414244648730704,8.535169937530785,2.0308824711294378,11.366052408660224
2024-03-25 17:02:09,2024-03-25 17:03:12,40.757281749151794,-73.98555894283771,40.75411536402324,-74.00345400839335,1,2.752263802269209,10.35764589902518,2.0840570590319665,14.741702958057148
2024-03-25 19:27:41,2024-03-25 19:29:18,40.765566129677325,-73.98241790151734,40.76195144542509,-73.99705940373082,6,1.4604486519743765,7.985517025784748,0.0,9.785517025784747
2024-03-25 20:49:28,2024-03-25 20:51:47,40.71359405987874,-74.00374493365517,40.70526927052533,-73.94937647677673,1,3.931403907151472,13.863219082179484,2.31047302320115,17.973692105380636
2024-03-25 23:01:21,2024-03-25 23:02:21,40.71138969393169,-74.00957760274886,40.72633911738891,-74.0348754609664,1,3.6764495301661615,12.113882456853856,0.0,13.913882456853855
2024-03-25 23:14:03,2024-03-25 23:15:03,40.76382430391285,-73.97713098473018,40.771905333482174,-73.96405947556983,1,3.733637543042801,13.948809085947216,2.540827363398649,18.289636449345867
2024-03-26 07:59:21,2024-03-26 08:00:21,40.75481429694752,-73.99313640003561,40.74085156775624,-73.99636542625133,2,1.079915765794093,4.729598017919866,0.7583867639224839,6.78798478184235
2024-03-26 08:39:06,2024-03-26 08:41:09,40.63768669555355,-73.75990496212793,40.63945452162501,-73.818,6,31.49655862344535,91.4286142268232,0.0,101.4163691131739
2024-03-26 08:47:05,2024-03-26 08:48:17,40.75461120828659,-73.99041913668745,40.76153275143634,-74.01824755239033,1,9.17202961850956,30.44886769518528,7.342389058637135,38.59125675382242
2024-03-26 09:37:02,2024-03-26 09:38:02,40.75521074095803,-73.97799804784292,40.71011454030396,-73.9969657481077,2,0.8458232788078112,5.276086584736153,0.0,6.576086584736153
2024-03-26 10:23:36,2024-03-26 10:24:36,40.70027882256547,-74.01267910911385,40.65604188106573,-74.00464556322878,4,1.258087024172935,9.045862209154173,1.968166882150629,11.8140290913048
2024-03-26 13:25:15,2024-03-26 13:26:15,40.7669194366496,-73.98513245018334,40.759524191487024,-73.98453590275827,2,4.110073583181395,11.712906483314976,0.0,12.512906483314977
2024-03-26 15:43:56,2024-03-26 15:44:56,40.717158678706944,-74.00191153797012,40.73075127151756,-73.97874047483027,1,5.301493701911691,17.805495097273823,0.0,18.605495097273824
2024-03-26 17:42:22,2024-03-26 17:43:22,40.75114376557831,-74.00081698835697,40.78800106067428,-74.01218506558594,2,6.464264308715125,19.825480664609472,0.0,21.625480664609476
2024-03-26 17:43:59,2024-03-26 17:45:21,40.77201973474784,-73.8881572317048,40.7633163081171,-73.91158166608099,1,11.067342626825084,35.51657062293543,6.954839123404125,45.27140974633956
2024-03-26 17:50:31,2024-03-26 17:52:02,40.71501254510426,-74.0041713915114,40.740772361555706,-73.99792787999267,6,1.3797274937964563,7.72044307703293,0.0,9.52044307703293
2024-03-26 18:45:42,2024-03-26 18:46:42,40.75106900466394,-74.00071715509175,40.75307052345819,-73.9979625383771,6,20.751243772957125,59.11798419468636,11.201547804864996,85.05305383434347
2024-03-26 20:44:53,2024-03-26 20:48:00,40.78396870347433,-73.85680344766605,40.78858992427636,-73.86285528802635,1,28.016049626394143,76.64983784541553,0.0,93.23971806337146
2024-03-27 00:11:54,2024-03-27 00:13:25,40.759053910872254,-73.96996667057861,40.73599413222573,-73.94222734865764,1,4.751104687361605,16.674081666935646,0.0,17.474081666935646
2024-03-27 07:01:53,2024-03-27 07:02:53,40.75537176182973,-73.98642351872509,40.75479257414366,-73.9738306927822,1,0.4366812599126747,3.0,0.5271080127196134,4.327108012719613
2024-03-27 10:30:33,2024-03-27 10:31:33,40.76126968752492,-73.98267350553621,40.77684963837551,-73.99048969071934,1,2.417125903252617,11.99139609889753,0.0,12.79139609889753
2024-03-27 14:13:32,2024-03-27 14:14:32,40.71317061781244,-74.01392412161455,40.68920681623845,-74.02309024517605,3,5.283081559723147,23.058690554453648,0.0,23.85869055445365
2024-03-27 14:30:17,2024-03-27 14:31:17,40.71061100601712,-74.0065471354187,40.68517217971063,-73.97842149606345,2,4.005887592988992,11.09117688448455,2.590576448813578,14.48175333329813
2024-03-27 14:43:40,2024-03-27 14:44:40,40.74684669620553,-73.9727105930775,40.77178479820004,-73.99937476207313,1,3.88168548946292,15.362182013191449,3.6844285764126177,19.846610589604065
2024-03-27 15:03:34,2024-03-27 15:06:47,40.78495744254717,-73.86289321150608,40.78640209582465,-73.83618347707029,1,15.162804004030264,45.56296201870698,0.0,53.475334531634
2024-03-27 16:02:17,2024-03-27 16:03:17,40.75873486072674,-73.97021130604011,40.6981846277826,-73.97907351484125,1,0.723408961120401,6.497053797944217,1.2547962496061094,9.551850047550326
2024-03-27 16:24:15,2024-03-27 16:26:24,40.71506142342063,-74.00839503075632,40.69459332577923,-74.02930443019805,3,9.008293961867782,26.20577985864277,0.0,28.00577985864277
2024-03-27 17:10:23,2024-03-27 17:11:28,40.638510454785,-73.78721327023132,40.61146771337816,-73.818,2,13.223729503924943,40.06911657428904,0.0,41.86911657428904
2024-03-27 17:35:31,2024-03-27 17:36:31,40.7821275486572,-73.87649752063868,40.802959924722494,-73.86752819951799,1,14.990509295216569,45.7553560283196,8.60728016033727,56.16263618865686
2024-03-27 20:09:12,2024-03-27 20:10:12,40.751283943815736,-73.98752675987342,40.746448155447176,-74.01379478920832,1,1.4189410726421845,6.599197286856319,1.0797372428009184,9.478934529657238
2024-03-27 20:14:12,2024-03-27 20:15:12,40.69376852161436,-74.17855582938155,40.70162132641309,-74.15418945831598,1,15.224053114726663,46.28902387972898,11.376565661213288,68.53076088525373
2024-03-27 21:31:39,2024-03-27 21:34:36,40.63891908224114,-73.7784460113707,40.66831544241683,-73.818,2,10.905023967456025,35.82898718860781,0.0,37.62898718860781
2024-03-27 21:43:44,2024-03-27 21:46:22,40.759648477726586,-73.99547035088347,40.75372686072034,-74.003588087533,1,2.771573656714905,9.153940564557898,2.2145308066558966,13.168471371213794
2024-03-28 07:06:44,2024-03-28 07:07:53,40.74988423009268,-73.9773888807137,40.736783263432464,-73.94582642900572,1,3.6478864631635326,11.254560815633866,0.0,12.054560815633868
2024-03-28 07:28:03,2024-03-28 07:29:16,40.78476287073556,-73.88246879302072,40.78060920930452,-73.88415493718009,1,16.89732835425476,49.693789145106045,0.0,68.40389488672174
2024-03-28 07:35:14,2024-03-28 07:36:14,40.7791508697285,-73.87649221371707,40.78243737333451,-73.87933248425063,2,12.548246717774004,41.005385172986045,7.570774882725997,49.87616005571204
2024-03-28 07:45:40,2024-03-28 07:46:40,40.653252407745526,-73.77495080504698,40.63536308676311,-73.818,5,6.118750397877502,16.806850860884573,4.163076880015264,21.76992774089984
2024-03-28 08:27:35,2024-03-28 08:30:11,40.71089336106717,-73.99567119223195,40.68502181632417,-73.99272486883383,1,21.502521203979523,64.68957069028752,13.68231744105149,94.24169655772906
2024-03-28 08:40:13,2024-03-28 08:41:25,40.78027190454227,-73.87680189814071,40.79544351481813,-73.89305029392045,4,12.33173240320421,34.11259302483686,7.1848076871883375,42.0974007120252
2024-03-28 09:27:08,2024-03-28 09:28:31,40.76824565954928,-73.99139274747643,40.748334771896594,-73.971723716424,1,1.0706179651863594,8.013736454378353,1.7197514775224914,10.533487931900844
2024-03-28 11:11:50,2024-03-28 11:12:50,40.757561125432254,-73.98975851814613,40.759007675750055,-73.94343423953485,2,7.140902244061602,22.98601551610689,5.675687069653168,29.461702585760055
2024-03-28 11:12:33,2024-03-28 11:14:26,40.63329436488627,-73.78676668320423,40.637698316658174,-73.84601341520957,2,8.51531989707672,28.35486824612657,5.515516114360856,34.670384360487425
2024-03-28 13:05:29,2024-03-28 13:06:59,40.703710760708354,-74.00405877675787,40.68432428558496,-73.98824501179261,1,8.64313547276859,28.94501511111253,6.547265590068957,36.29228070118149
2024-03-28 13:39:41,2024-03-28 13:40:41,40.763229583892645,-73.97241322089968,40.73838470712021,-73.95576064197058,1,2.358273612270849,10.253419016846484,0.0,11.053419016846483
2024-03-28 13:57:43,2024-03-28 13:58:48,40.76572758682498,-73.97503216824437,40.771793279358526,-73.97321163601141,1,4.238644178941841,15.483012173000931,3.5745523153570904,19.857564488358022
2024-03-28 15:05:43,2024-03-28 15:06:43,40.71745266803965,-74.0019282301341,40.73921105700805,-74.01416740901374,2,20.751680774895146,59.345769574425205,11.076679754576526,79.45913660114721
2024-03-28 16:50:34,2024-03-28 16:51:34,40.75073109910879,-73.98716143960402,40.732786491365104,-73.99568288702949,1,1.3454566093312936,6.660155209057295,1.3495235564027237,10.309678765460015
2024-03-28 17:38:12,2024-03-28 17:39:12,40.68691484794404,-74.18840039228894,40.68291880997168,-74.156,3,17.21083681600866,51.1839816603549,9.029174979290977,76.71750652605581
2024-03-28 18:08:55,2024-03-28 18:09:55,40.761447086621935,-73.98873841038125,40.759401184788885,-73.98787871310486,4,16.158022713910423,47.8834123040292,0.0,59.17427274048339
2024-03-28 20:30:15,2024-03-28 20:31:16,40.7152240666482,-74.00165402143556,40.72998484213734,-73.99327190076063,4,3.190253208070206,9.903759500854408,0.0,12.203759500854408
2024-03-28 21:14:24,2024-03-28 21:16:41,40.646582169553,-73.77625733876451,40.6364450224705,-73.818,1,7.13038150577891,21.55324762606206,5.122378285371644,28.475625911433703
2024-03-28 23:26:30,2024-03-28 23:27:30,40.75460795127875,-73.99585114442789,40.73212093082929,-73.99274929426514,1,1.3448016082293406,5.403759837974018,1.277245399391927,8.481005237365945
2024-03-29 05:15:55,2024-03-29 05:16:55,40.77818367777062,-73.87873634207502,40.8116260827075,-73.88801465892813,2,16.45369320799032,49.38853332879297,9.93698575965983,67.34231444152044
2024-03-29 07:19:18,2024-03-29 07:20:18,40.757117399891975,-73.98345403393324,40.77404442951918,-73.9721566018693,1,4.785003503725477,16.49650860725285,2.525553577631205,20.322062184884054
2024-03-29 07:21:01,2024-03-29 07:22:01,40.75668914991512,-73.98170509787631,40.78854023395907,-73.9688343502614,1,4.005126667488914,14.527082946219544,3.352609657003331,18.679692603222875
2024-03-29 08:18:16,2024-03-29 08:19:16,40.70761148398157,-74.01002138304071,40.71947358230362,-74.04252703354939,3,1.407709899889272,6.845618076099,1.216743068137956,9.362361144236957
2024-03-29 08:55:30,2024-03-29 08:58:15,40.76040798827472,-73.98462846308182,40.7487179600414,-73.99114410753305,1,2.3748119677314605,7.47978205256126,1.4876017474148862,9.767383799976148
2024-03-29 12:46:53,2024-03-29 12:47:53,40.71099432769767,-74.00629218681419,40.72778287766202,-73.98818194866463,2,10.405092396836649,28.771308011505823,5.276551906049047,34.84785991755487
2024-03-29 12:47:22,2024-03-29 12:48:22,40.76275230256923,-73.9828390777554,40.76524164401887,-73.98402980692758,1,1.0061807251101538,5.746094304189866,1.064506701452749,7.610601005642615
2024-03-29 13:08:01,2024-03-29 13:09:01,40.74911784999092,-73.98711365119782,40.7537068331548,-73.94684258590762,1,11.967599673112318,35.833965228711435,6.259919432421114,42.89388466113255
2024-03-29 14:35:46,2024-03-29 14:38:14,40.75664163134434,-73.98437886428454,40.73723207913861,-73.98859468242519,1,3.638381242535068,13.9776135629416,2.8467213415782595,17.62433490451986
2024-03-29 14:47:10,2024-03-29 14:48:10,40.71188988241945,-73.99222897840201,40.69673737199925,-73.99533061188784,1,2.3528630336822123,10.2061693171329,1.8494731144723264,13.355642431605228
2024-03-29 14:49:17,2024-03-29 14:50:17,40.70852861319396,-74.00153021893652,40.76471038399471,-74.04385237856002,1,3.984354414538237,16.32608708590442,2.6038494919889312,19.72993657789335
2024-03-29 17:14:52,2024-03-29 17:16:49,40.75741044568456,-73.9932049969592,40.75471659934438,-73.9910159104821,2,3.312488610970326,12.738470489073242,0.0,15.538470489073244
2024-03-29 17:19:48,2024-03-29 17:20:48,40.64474645236684,-73.76182900027686,40.630974547767714,-73.818,3,12.53614623209548,37.96611070122742,8.466884972271615,48.23299567349903
2024-03-29 17:41:13,2024-03-29 17:42:13,40.76061779615393,-73.99695610060536,40.74230123763665,-74.00456294510674,3,0.8768052603034515,3.13625863942055,0.6187764858639159,5.555035125284466
2024-03-29 17:47:24,2024-03-29 17:50:59,40.71401131810314,-74.0139762824648,40.708877100927545,-74.01737979672008,1,3.955122633075802,15.190896458493274,0.0,16.990896458493275
2024-03-29 17:57:05,2024-03-29 17:58:46,40.75259559990762,-73.97691792353292,40.75331782008334,-74.00928196757337,1,3.207446301931604,12.536183757797549,0.0,14.336183757797547
2024-03-29 18:04:17,2024-03-29 18:05:17,40.63679017435414,-73.78706259111058,40.62843872630264,-73.818,1,8.669445133992795,27.347654962151704,5.1410139548681935,34.2886689170199
2024-03-29 18:10:14,2024-03-29 18:11:14,40.75423449027753,-73.99420090893389,40.75476046382315,-74.01269505390026,1,4.154039075091776,12.935360343784952,2.5253222706088256,17.26068261439378
2024-03-29 18:25:22,2024-03-29 18:26:35,40.71447136442034,-74.00487301624045,40.69831467370391,-74.01337801730685,1,1.1071278479036286,5.396050648112767,0.0,7.696050648112767
2024-03-29 20:04:49,2024-03-29 20:05:49,40.7848161669802,-73.87571344996928,40.81109845873638,-73.85831085275015,6,10.11263980362452,32.07373406657206,0.0,33.873734066572055
2024-03-29 20:25:41,2024-03-29 20:26:41,40.75622551693132,-73.99347659892905,40.772808115111616,-74.00250628551937,1,10.82128118753299,32.47702615516603,0.0,35.27702615516603
2024-03-29 20:27:52,2024-03-29 20:28:52,40.76391593333644,-73.99580871488476,40.75533901067469,-73.95171990351218,2,3.8800116611246938,13.404320192732264,2.1485070958741423,17.352827288606406
2024-03-29 20:51:53,2024-03-29 20:52:53,40.6379165771837,-73.78199672852101,40.64119455986141,-73.818,1,14.24886624491095,40.99229674744446,6.854553244934466,49.646849992378925
2024-03-29 20:54:33,2024-03-29 20:55:33,40.755681057127305,-73.98782953990226,40.733794137314106,-73.99610753704152,1,3.44894170650241,9.843451919283048,1.8942409791936772,13.537692898476726
2024-03-29 21:38:58,2024-03-29 21:39:58,40.75429773998875,-73.987944808784,40.76110063287712,-74.01497778459037,1,5.612688264225378,20.120716845336283,3.123482831212955,25.04419967654924
2024-03-29 23:23:09,2024-03-29 23:24:09,40.76714871843632,-73.97259135096535,40.76844352287302,-73.99816335236001,2,5.669091434884277,16.273781931045363,3.472016961323145,21.54579889236851
2024-03-30 01:31:13,2024-03-30 01:33:29,40.69878871212533,-74.1621482297117,40.69363517186952,-74.156,2,10.056977049956272,30.80067383875964,0.0,31.60067383875964
2024-03-30 02:00:10,2024-03-30 02:01:10,40.75836613064707,-73.9859559103615,40.76139942257496,-74.02981783359513,2,2.466091251928121,8.336881907298917,1.272983257690778,10.409865164989696
2024-03-30 03:44:21,2024-03-30 03:45:21,40.7501998328033,-73.98240996360919,40.72643427447971,-73.9997745327185,2,7.088809357429014,23.29944971123365,0.0,24.099449711233653
2024-03-30 06:00:44,2024-03-30 06:02:32,40.69055380541751,-74.18275503334416,40.68272086351662,-74.156,1,12.078667911048315,36.70046654644521,8.88809670564201,46.38856325208722
2024-03-30 06:17:33,2024-03-30 06:18:33,40.76078820668557,-73.99027614074902,40.7172884107265,-73.97050268665103,2,4.317186732675672,13.279459783626468,2.947773830133257,18.027233613759726
2024-03-30 06:34:10,2024-03-30 06:35:10,40.644130749539855,-73.77648990710891,40.667986843420806,-73.818,4,12.41161336111729,35.84377167918004,0.0,36.643771679180034
2024-03-30 08:17:06,2024-03-30 08:18:06,40.68915426025968,-74.16748605364091,40.67251613603052,-74.156,6,13.974198611546411,41.0683179285358,8.899717812915084,50.76803574145088
2024-03-30 11:33:55,2024-03-30 11:34:55,40.77359948079055,-73.8647334594745,40.73143018032864,-73.8843634475062,1,15.406727470832104,44.29182930569589,0.0,62.62848709736772
2024-03-30 12:39:02,2024-03-30 12:40:02,40.63399697686806,-73.7745041453346,40.6,-73.818,2,10.588464851361518,32.700722577804335,8.04224922910109,41.54297180690542
2024-03-30 14:03:11,2024-03-30 14:04:13,40.75602453621731,-73.99463392019176,40.77841171103884,-73.98406242042931,5,3.8367146789391753,11.04870653452897,1.9870514822670875,13.835758016796058
2024-03-30 17:18:02,2024-03-30 17:19:02,40.718324365728506,-73.9988367706331,40.7043407871397,-74.00506957077876,2,4.827652939089353,15.638223038694443,3.158818074602453,21.0970411132969
2024-03-30 19:02:34,2024-03-30 19:03:34,40.73949049059414,-73.99534970252184,40.742887201771744,-74.01708851115653,2,5.278212062502627,14.65613366908661,2.799494565899024,19.25562823498564
2024-03-30 19:11:28,2024-03-30 19:14:48,40.76591993222579,-73.9817665807445,40.7909619939804,-73.98760749337431,1,1.568638703203317,8.702849886611162,1.8581000634957785,12.86094995010694
2024-03-30 19:13:47,2024-03-30 19:15:08,40.774784280189344,-73.86198746606043,40.7566950380438,-73.87336208149296,1,13.213725876925215,40.483958226680016,8.998360468985696,51.28231869566571
2024-03-30 19:33:32,2024-03-30 19:34:32,40.76489340059042,-73.97805577182939,40.78227894834893,-73.97166681067132,1,8.9193074341683,27.465212300359656,5.052860492492395,34.31807279285205
2024-03-30 20:06:29,2024-03-30 20:07:29,40.7604434443875,-73.96901549087265,40.76709324602445,-73.9436955024006,2,19.56996255613755,55.004147150784725,10.602071759565302,72.88518310027177
2024-03-30 21:43:49,2024-03-30 21:45:07,40.75472497557502,-73.99689365261658,40.76525148276252,-74.02358184756112,5,0.9085790017097896,5.152734481107072,1.171715749837971,8.124450230945044
2024-03-30 23:02:33,2024-03-30 23:03:33,40.761500246508966,-73.97336653387978,40.77165604641842,-74.00923850745099,1,1.0414294070428831,3.8724560026339576,0.855966136894198,6.528422139528155
2024-03-30 23:43:57,2024-03-30 23:44:57,40.75633530188802,-73.98047027787996,40.74396382387376,-73.99614529850311,4,3.443878667731333,10.955370455514547,1.7455899513596334,15.000960406874182
2024-03-31 09:49:33,2024-03-31 09:51:54,40.75764284166446,-73.98706623818528,40.75424154770538,-73.98458525482368,1,22.397770789561363,62.57349550618172,12.31133148991256,91.99694114873994
2024-03-31 11:27:01,2024-03-31 11:28:01,40.74311174423982,-73.99733360415334,40.76041607984395,-74.02261004055686,1,0.822875492929693,5.530201258188881,0.0,6.330201258188881
2024-03-31 17:04:10,2024-03-31 17:05:34,40.71634159115468,-74.00879623194882,40.72378650062964,-74.04660858785837,1,4.767828445058687,12.677595193548624,2.348343388855026,17.32593858240365
2024-03-31 17:06:48,2024-03-31 17:07:48,40.69849397660138,-74.17908006059456,40.6936458005668,-74.156,2,11.425497643956245,33.82982502383935,6.971205582675776,43.60103060651512
2024-03-31 17:29:41,2024-03-31 17:32:15,40.74483757173376,-73.9879576710896,40.73222694802625,-73.94607146358236,1,1.711932050142509,9.535603603991271,1.6630162190601252,12.9986198230514
2024-03-31 19:37:34,2024-03-31 19:38:34,40.70761123405984,-74.00748697924037,40.72248802164492,-74.02666953331646,1,1.0279288203273074,8.089600004566815,1.253903682718006,11.143503687284822
2024-03-31 20:50:57,2024-03-31 20:51:57,40.63980229709999,-73.78163655154175,40.66277237014232,-73.818,1,23.358554076945943,67.43830418847482,0.0,87.56780687031049
2024-03-31 21:06:15,2024-03-31 21:07:15,40.76765917039523,-73.97794795783999,40.76102071976074,-73.98255594685402,1,1.5944039162744883,10.08259684060538,0.0,11.882596840605382
2024-03-31 21:52:33,2024-03-31 21:53:33,40.709585145723686,-73.98843315092697,40.68490911403904,-74.01506023852394,1,8.063937048227963,24.644193279569063,5.846891205744347,32.29108448531341
2024-03-31 23:38:53,2024-03-31 23:39:53,40.74437003940607,-73.97389711271855,40.75413837874381,-73.9628295039581,1,1.986082285125876,11.884100331257702,0.0,13.684100331257705
2024-03-30 23:38:53,2024-03-30 23:39:53,40.74437003940607,-73.97389711271855,40.75413837874381,-73.9628295039581,1,1.986082285125876,11.884100331257702,0.0,13.684100331257705